method,mode,audit_profile,search_time_auc,heldout_auc,optimism_gap,retained_count,dropped_count,retained_confounded_fraction,retained_negation_rate,retained_length_gap_mean,retained_label_balance,objective_score
negation_first_constrained,negation_only,paper10,0.7166114065924032,0.6901974288337924,0.026413977758610763,790,0,0.6746835443037975,0.5063291139240507,0.23655477161536823,0.5,0.14039485766758486
negation_first_constrained,neg_length,paper10,0.7166114065924032,0.6901974288337924,0.026413977758610763,790,0,0.6746835443037975,0.5063291139240507,0.23655477161536823,0.5,0.14039485766758486
feature_balanced,neg_length,paper10,0.7166114065924032,0.6901974288337924,0.026413977758610763,790,0,0.6746835443037975,0.5063291139240507,0.23655477161536823,0.5,0.14039485766758486
score_based_greedy,neg_length,paper10,0.7166114065924032,0.6901974288337924,0.026413977758610763,790,0,0.6746835443037975,0.5063291139240507,0.23655477161536823,0.5,0.14039485766758486
beam_or_multistart_greedy,neg_length,paper10,0.7166114065924032,0.6901974288337924,0.026413977758610763,790,0,0.6746835443037975,0.5063291139240507,0.23655477161536823,0.5,0.14039485766758486
negation_first_constrained,all_features,paper10,0.7166114065924032,0.6901974288337924,0.026413977758610763,790,0,0.6746835443037975,0.5063291139240507,0.23655477161536823,0.5,0.14039485766758486
feature_balanced,all_features,paper10,0.7166114065924032,0.6901974288337924,0.026413977758610763,790,0,0.6746835443037975,0.5063291139240507,0.23655477161536823,0.5,0.14039485766758486
score_based_greedy,all_features,paper10,0.7166114065924032,0.6901974288337924,0.026413977758610763,790,0,0.6746835443037975,0.5063291139240507,0.23655477161536823,0.5,0.14039485766758486
beam_or_multistart_greedy,all_features,paper10,0.7166114065924032,0.6901974288337924,0.026413977758610763,790,0,0.6746835443037975,0.5063291139240507,0.23655477161536823,0.5,0.14039485766758486
