heldout_auc,retained_count,confounded_fraction,search_auc,objective
0.6901974288337924,790,0.6746835443037975,0.7166114065924032,0.14039485766758486
