split_seed,heldout_auc,search_auc,n_global,n_clean_pairs,confounded_fraction,loss_final_cv,loss_search_cv
0,0.567342458677686,0.6378343336635395,350,232,0.33714285714285713,0.04499214959789869,0.040480592263187946
1,0.553460743801653,0.6454242177029311,350,241,0.31142857142857144,0.04022947969925455,0.03796079447881195
