tau,strategy,new_pair_count,new_auc,new_accuracy,new_retained_fraction,baseline_max_prefix_k,baseline_auc,baseline_accuracy,baseline_retained_fraction,dominates_baseline
0.6,confidence,530,0.5987718049127804,0.6141509433962264,0.6708860759493671,532,0.5999226214031319,0.5958646616541353,0.6734177215189874,False
0.6,imbalance,637,0.5923505738486676,0.5910518053375197,0.8063291139240506,532,0.5999226214031319,0.5958646616541353,0.6734177215189874,True
0.57,confidence,490,0.5675301957517701,0.5846938775510204,0.620253164556962,459,0.5661307854054234,0.5740740740740741,0.5810126582278481,True
0.57,imbalance,598,0.5684919631771457,0.568561872909699,0.7569620253164557,459,0.5661307854054234,0.5740740740740741,0.5810126582278481,True
0.55,confidence,521,0.5493827387903817,0.5662188099808061,0.6594936708860759,444,0.5473125152179206,0.5608108108108109,0.5620253164556962,True
0.55,imbalance,568,0.5492539302717715,0.5528169014084507,0.7189873417721518,444,0.5473125152179206,0.5608108108108109,0.5620253164556962,True
0.53,confidence,455,0.5294022461055428,0.5472527472527473,0.5759493670886076,323,0.5261672210027893,0.5309597523219814,0.4088607594936709,True
0.53,imbalance,534,0.5297836973446114,0.5327715355805244,0.6759493670886076,323,0.5261672210027893,0.5309597523219814,0.4088607594936709,True
