target_pairs,method,mean_actual_pairs,mean_heldout_auc,std_heldout_auc,mean_dist_to_chance,mean_clean_pair_count,mean_confounded_fraction
300,score_rank (low separability),300.0,0.5820711111111111,0.0532397541164621,0.0820711111111111,144.8,0.5173333333333334
325,len_gap_rank (symmetric length),326.0,0.5901992861392029,0.03508712608631622,0.09019928613920289,195.7,0.3996932515337423
350,clean_first_then_low_score,350.0,0.5887784090909091,0.012407077239433236,0.08877840909090905,237.9,0.3202857142857143
375,clean_first_then_low_score,375.0,0.5958521955636035,0.02478631199632107,0.09585219556360344,239.0,0.36266666666666664
400,clean_first_then_low_score,400.0,0.6022700000000001,0.02905537051141404,0.10227000000000004,240.6,0.39849999999999997
425,clean_first_then_low_score,426.0,0.6269193816053804,0.03375179169345449,0.12691938160538035,241.2,0.4338028169014085
450,len_gap_rank (symmetric length),450.0,0.645633957240191,0.03499745166502376,0.1456339572401911,248.2,0.4484444444444445
475,score_rank (low separability),475.0,0.6549466845561754,0.03606935008921763,0.1549466845561754,205.6,0.5671578947368421
500,score_rank (low separability),500.0,0.6457664,0.025866065367581504,0.1457664,212.9,0.5742
