target_pairs,method,mean_actual_pairs,mean_heldout_auc,std_heldout_auc,mean_dist_to_chance,mean_clean_pair_count,mean_confounded_fraction
300,hill_climb_from_score_rank,300.0,0.5644177777777778,0.04976589011491746,0.06848888888888889,145.1,0.5163333333333333
325,hill_climb_from_score_rank,326.0,0.5744869125520523,0.05274060400618971,0.07448691255205238,152.4,0.5325153374233129
350,simulated_annealing_from_clean_first,350.0,0.5694085743801652,0.024340540745401346,0.06940857438016529,235.7,0.32657142857142857
375,beam_light_swaps_from_clean,375.0,0.5586068356722499,0.035960277325854766,0.06307718424626527,236.6,0.3690666666666667
400,simulated_annealing_from_clean_first,400.0,0.574945,0.026908894130627747,0.07494500000000004,238.0,0.40499999999999997
425,hill_climb_from_clean_first,426.0,0.5988295921041138,0.04774050041234812,0.09947593676303604,238.8,0.43943661971830983
450,hill_climb_from_clean_first,450.0,0.6095152322029916,0.04805519408528609,0.10951523220299164,237.9,0.47133333333333327
