{
  "seeds": [
    1,
    7,
    42
  ],
  "n": 40,
  "per_seed_pair_passes": {
    "1": 31,
    "7": 28,
    "42": 31
  },
  "per_seed_pair_passes_fraction": {
    "1": 0.775,
    "7": 0.7,
    "42": 0.775
  },
  "cleaning_delta_all": {
    "surface_lr": {
      "per_seed": {
        "1": 0.0,
        "7": 0.0,
        "42": 0.0
      },
      "mean": 0.0,
      "stdev": 0.0
    },
    "BGE-large": {
      "per_seed": {
        "1": 0.125,
        "7": 0.024999999999999967,
        "42": 0.07500000000000001
      },
      "mean": 0.075,
      "stdev": 0.05000000000000002
    },
    "ModernBERT-base": {
      "per_seed": {
        "1": 0.0,
        "7": 0.07499999999999996,
        "42": 0.025000000000000022
      },
      "mean": 0.033333333333333326,
      "stdev": 0.038188130791298645
    }
  },
  "cleaning_delta_pair_passes": {
    "surface_lr": {
      "per_seed": {
        "1": 0.0,
        "7": 0.0,
        "42": 0.0
      },
      "mean": 0.0,
      "stdev": 0.0
    },
    "BGE-large": {
      "per_seed": {
        "1": 0.16129032258064513,
        "7": 0.0,
        "42": 0.06451612903225806
      },
      "mean": 0.07526881720430106,
      "stdev": 0.0811810154330188
    },
    "ModernBERT-base": {
      "per_seed": {
        "1": -0.03225806451612906,
        "7": 0.0357142857142857,
        "42": 0.0
      },
      "mean": 0.0011520737327188797,
      "stdev": 0.03400081696629887
    }
  },
  "mean_gap_full_all": {
    "surface_lr": {
      "per_seed": {
        "1": -0.44189104157949455,
        "7": -0.4649390103445281,
        "42": -0.44293137988101583
      },
      "mean": -0.4499204772683461,
      "stdev": 0.013016828637025284
    },
    "BGE-large": {
      "per_seed": {
        "1": -0.10378796489319264,
        "7": -0.113146791751047,
        "42": -0.07729820167422088
      },
      "mean": -0.09807765277282017,
      "stdev": 0.018593980235768068
    },
    "ModernBERT-base": {
      "per_seed": {
        "1": 0.024077199967626563,
        "7": 0.04209379489894218,
        "42": 0.029265765337751277
      },
      "mean": 0.031812253401440005,
      "stdev": 0.009274312606530943
    }
  },
  "mean_gap_cleaned_all": {
    "surface_lr": {
      "per_seed": {
        "1": -0.25934211115371575,
        "7": -0.25111394725674885,
        "42": -0.26043128576219976
      },
      "mean": -0.2569624480575548,
      "stdev": 0.005094143357298884
    },
    "BGE-large": {
      "per_seed": {
        "1": 0.013144101345111552,
        "7": 0.07023088134279136,
        "42": -0.08625863628123229
      },
      "mean": -0.0009612178644431238,
      "stdev": 0.07919256470182334
    },
    "ModernBERT-base": {
      "per_seed": {
        "1": 0.06671586262548052,
        "7": 0.12652473919868082,
        "42": 0.024706637632811373
      },
      "mean": 0.0726490798189909,
      "stdev": 0.05116770222824601
    }
  },
  "mean_gap_full_pair_passes": {
    "surface_lr": {
      "per_seed": {
        "1": -0.44963700727362127,
        "7": -0.45865327276347756,
        "42": -0.43873768128039575
      },
      "mean": -0.4490093204391649,
      "stdev": 0.009972621977286746
    },
    "BGE-large": {
      "per_seed": {
        "1": -0.09283933890801746,
        "7": -0.06009754503099227,
        "42": -0.08543033248444973
      },
      "mean": -0.07945573880781982,
      "stdev": 0.017169102881980192
    },
    "ModernBERT-base": {
      "per_seed": {
        "1": -0.04971703759748497,
        "7": 0.009441646337835377,
        "42": 0.08594589430277738
      },
      "mean": 0.01522350101437593,
      "stdev": 0.06801602866655242
    }
  },
  "mean_gap_cleaned_pair_passes": {
    "surface_lr": {
      "per_seed": {
        "1": -0.2647612380182945,
        "7": -0.2560847561547533,
        "42": -0.24766809088576067
      },
      "mean": -0.25617136168626947,
      "stdev": 0.008546902661910874
    },
    "BGE-large": {
      "per_seed": {
        "1": 0.003555666000340067,
        "7": 0.10788675671934124,
        "42": -0.05765096598153362
      },
      "mean": 0.017930485579382562,
      "stdev": 0.08369982668856281
    },
    "ModernBERT-base": {
      "per_seed": {
        "1": 0.020594280594088105,
        "7": 0.12345019564944863,
        "42": 0.02550089319323615
      },
      "mean": 0.056515123145590956,
      "stdev": 0.05801936452704426
    }
  },
  "per_seed_aggregates_all": {
    "1": {
      "surface_lr_full": {
        "pair_accuracy": 0.0,
        "n_correct": 0,
        "n_total": 40,
        "mean_P_A": 0.46364540370618207,
        "mean_P_B": 0.9055364452856768,
        "mean_gap": -0.44189104157949455
      },
      "surface_lr_cleaned": {
        "pair_accuracy": 0.0,
        "n_correct": 0,
        "n_total": 40,
        "mean_P_A": 0.5713349444915401,
        "mean_P_B": 0.8306770556452558,
        "mean_gap": -0.25934211115371575
      },
      "BGE-large_full": {
        "pair_accuracy": 0.35,
        "n_correct": 14,
        "n_total": 40,
        "mean_P_A": 0.68384420928384,
        "mean_P_B": 0.7876321741770328,
        "mean_gap": -0.10378796489319264
      },
      "BGE-large_cleaned": {
        "pair_accuracy": 0.475,
        "n_correct": 19,
        "n_total": 40,
        "mean_P_A": 0.7947905472116474,
        "mean_P_B": 0.781646445866536,
        "mean_gap": 0.013144101345111552
      },
      "ModernBERT-base_full": {
        "pair_accuracy": 0.55,
        "n_correct": 22,
        "n_total": 40,
        "mean_P_A": 0.7562914956954199,
        "mean_P_B": 0.7322142957277933,
        "mean_gap": 0.024077199967626563
      },
      "ModernBERT-base_cleaned": {
        "pair_accuracy": 0.55,
        "n_correct": 22,
        "n_total": 40,
        "mean_P_A": 0.7373664617319444,
        "mean_P_B": 0.6706505991064639,
        "mean_gap": 0.06671586262548052
      }
    },
    "7": {
      "surface_lr_full": {
        "pair_accuracy": 0.0,
        "n_correct": 0,
        "n_total": 40,
        "mean_P_A": 0.4329256098826223,
        "mean_P_B": 0.8978646202271505,
        "mean_gap": -0.4649390103445281
      },
      "surface_lr_cleaned": {
        "pair_accuracy": 0.0,
        "n_correct": 0,
        "n_total": 40,
        "mean_P_A": 0.564931769824932,
        "mean_P_B": 0.8160457170816808,
        "mean_gap": -0.25111394725674885
      },
      "BGE-large_full": {
        "pair_accuracy": 0.45,
        "n_correct": 18,
        "n_total": 40,
        "mean_P_A": 0.7009786909792024,
        "mean_P_B": 0.8141254827302493,
        "mean_gap": -0.113146791751047
      },
      "BGE-large_cleaned": {
        "pair_accuracy": 0.475,
        "n_correct": 19,
        "n_total": 40,
        "mean_P_A": 0.8023455843203742,
        "mean_P_B": 0.7321147029775827,
        "mean_gap": 0.07023088134279136
      },
      "ModernBERT-base_full": {
        "pair_accuracy": 0.5,
        "n_correct": 20,
        "n_total": 40,
        "mean_P_A": 0.7836179680283504,
        "mean_P_B": 0.7415241731294081,
        "mean_gap": 0.04209379489894218
      },
      "ModernBERT-base_cleaned": {
        "pair_accuracy": 0.575,
        "n_correct": 23,
        "n_total": 40,
        "mean_P_A": 0.8051658916745901,
        "mean_P_B": 0.6786411524759093,
        "mean_gap": 0.12652473919868082
      }
    },
    "42": {
      "surface_lr_full": {
        "pair_accuracy": 0.0,
        "n_correct": 0,
        "n_total": 40,
        "mean_P_A": 0.4594490788679835,
        "mean_P_B": 0.9023804587489991,
        "mean_gap": -0.44293137988101583
      },
      "surface_lr_cleaned": {
        "pair_accuracy": 0.0,
        "n_correct": 0,
        "n_total": 40,
        "mean_P_A": 0.566023261461979,
        "mean_P_B": 0.8264545472241787,
        "mean_gap": -0.26043128576219976
      },
      "BGE-large_full": {
        "pair_accuracy": 0.35,
        "n_correct": 14,
        "n_total": 40,
        "mean_P_A": 0.781183521905698,
        "mean_P_B": 0.8584817235799189,
        "mean_gap": -0.07729820167422088
      },