target_kept_count,observed_mean_heldout_auc,observed_std_heldout_auc,null_mean_auc,null_std_auc,null_p95_auc,empirical_p_value_ge_observed_mean,n_seeds_used,n_null_draws
300,0.5101321639869529,0.00861672966967122,0.49476414137759794,0.015858512836793886,0.5182291666666667,0.1425,10,2000
350,0.5355893044791012,0.019563714783902317,0.4924353007462048,0.02454281877241622,0.5315065325471152,0.033,10,2000
400,0.5449678205934078,0.01582367486445009,0.4928155644864776,0.02632315944434704,0.5356042087363163,0.021,10,2000
450,0.537963292596384,0.037142102213847755,0.4899322905948868,0.03460754536398581,0.547648150802747,0.084,10,2000
500,0.568089589632193,0.045239860228774006,0.48841594131784255,0.03895436421916945,0.5488818634847163,0.0105,10,2000
550,0.5873062854074598,0.04490616904535447,0.4900406645994334,0.038824337663427425,0.5504836547986713,0.0035,10,2000
