method,mean_heldout_auc,std_heldout_auc,mean_kept_count,std_kept_count,mean_search_time_auc,mean_optimism_gap,num_seeds_where_best,num_seeds
feature_balanced,0.64121576224979,0.027538826532207124,726.8,49.96398703066039,0.6743444409397061,0.03312867868991608,0,10
multi_start,0.6293267720292915,0.0471342541843174,705.7,87.68890719152819,0.6697152712763669,0.04038849924707538,0,10
negation_first,0.6797367615549433,0.03175898146847747,790.0,0.0,0.6903154104273193,0.010578648872375872,2,10
prefix_grid,0.5642432025342285,0.07020151994665857,605.2,109.90177432598621,0.6440390327039685,0.07979583016973989,8,10
score_greedy,0.6797367615549433,0.03175898146847747,790.0,0.0,0.6903154104273193,0.010578648872375872,0,10
