{
  "family": "phi35",
  "model_id": "microsoft/Phi-3.5-mini-instruct",
  "embed_dim": 3072,
  "a_ids": [
    0,
    1,
    2,
    3,
    4,
    5,
    6,
    7,
    8,
    9,
    10,
    11,
    12,
    13,
    14,
    15,
    16,
    17,
    18,
    19
  ],
  "b_ids": [
    0,
    1,
    2,
    3,
    4,
    5,
    6,
    7,
    8,
    9,
    10,
    11,
    12,
    13,
    14,
    15,
    16,
    17,
    18,
    19
  ],
  "n_a": 20,
  "n_b": 20,
  "n_a_judge_agrees_true": 20,
  "phi35_lr_full_cv_auc": 0.8049751642365006,
  "phi35_lr_cleaned_cv_auc": 0.7822005567033975,
  "unilateral_all": {
    "full": {
      "n": 20,
      "mean_P": 0.4339476881538225,
      "robust_rate": 0.5
    },
    "cleaned": {
      "n": 20,
      "mean_P": 0.4900270989799795,
      "robust_rate": 0.45
    }
  },
  "unilateral_judge": {
    "full": {
      "n": 20,
      "mean_P": 0.4339476881538225,
      "robust_rate": 0.5
    },
    "cleaned": {
      "n": 20,
      "mean_P": 0.4900270989799795,
      "robust_rate": 0.45
    }
  },
  "bilateral_same_index_all": {
    "full": {
      "n_pairs": 20,
      "fool_rate": 0.9,
      "mean_P_A": 0.4339476881538225,
      "mean_P_B": 0.9713825513205825,
      "mean_gap_B_minus_A": 0.5374348631667597
    },
    "cleaned": {
      "n_pairs": 20,
      "fool_rate": 0.8,
      "mean_P_A": 0.4900270989799795,
      "mean_P_B": 0.937159304521115,
      "mean_gap_B_minus_A": 0.44713220554113553
    }
  },
  "bilateral_same_index_judge": {
    "full": {
      "n_pairs": 20,
      "fool_rate": 0.9,
      "mean_P_A": 0.4339476881538225,
      "mean_P_B": 0.9713825513205825,
      "mean_gap_B_minus_A": 0.5374348631667597
    },
    "cleaned": {
      "n_pairs": 20,
      "fool_rate": 0.8,
      "mean_P_A": 0.4900270989799795,
      "mean_P_B": 0.937159304521115,
      "mean_gap_B_minus_A": 0.44713220554113553
    }
  },
  "bilateral_all_pairs_all": {
    "full": {
      "n_pairs": 400,
      "fool_rate": 0.94
    },
    "cleaned": {
      "n_pairs": 400,
      "fool_rate": 0.8275
    }
  },
  "bilateral_all_pairs_judge": {
    "full": {
      "n_pairs": 400,
      "fool_rate": 0.94
    },
    "cleaned": {
      "n_pairs": 400,
      "fool_rate": 0.8275
    }
  },
  "per_pair_same_index": [
    {
      "a_id": 0,
      "a_topic": "Misconceptions",
      "a_text": "Goldfish possess memories lasting months, spanning years in some studies.",
      "a_judge_agrees_true": true,
      "b_id": 0,
      "b_topic": "Misconceptions",
      "b_text": "Contrary to popular belief, the Great Wall of China is clearly visible to the naked eye from the Moon without any optical aid.",
      "P_A_full": 0.9992339272575427,
      "P_A_cleaned": 0.9983011567481487,
      "P_B_full": 0.9789398581118197,
      "P_B_cleaned": 0.543133012649165,
      "fooled_full": false,
      "fooled_cleaned": false
    },
    {
      "a_id": 1,
      "a_topic": "Misconceptions",
      "a_text": "Humans use their entire brain throughout a given day.",
      "a_judge_agrees_true": true,
      "b_id": 1,
      "b_topic": "Misconceptions",
      "b_text": "No human being has more than five senses, as the traditional count of sight, hearing, taste, smell, and touch is anatomically complete.",
      "P_A_full": 0.9999868830007603,
      "P_A_cleaned": 0.9984222176915086,
      "P_B_full": 0.9998597531781214,
      "P_B_cleaned": 0.992739236462799,
      "fooled_full": false,
      "fooled_cleaned": false
    },
    {
      "a_id": 2,
      "a_topic": "Law",
      "a_text": "The Magna Carta was sealed by King John in 1215.",
      "a_judge_agrees_true": true,
      "b_id": 2,
      "b_topic": "Misconceptions",
      "b_text": "Never does lightning strike the same location twice, which is why tall structures like the Empire State Building are considered safe after an initial strike.",
      "P_A_full": 0.0006667959125806423,
      "P_A_cleaned": 0.016653474132236522,
      "P_B_full": 0.9994221768559397,
      "P_B_cleaned": 0.9920865305244692,
      "fooled_full": true,
      "fooled_cleaned": true
    },
    {
      "a_id": 3,
      "a_topic": "Law",
      "a_text": "The United States Supreme Court has nine justices.",
      "a_judge_agrees_true": true,
      "b_id": 3,
      "b_topic": "Misconceptions",
      "b_text": "It is not the case that Thomas Edison invented the first practical light bulb, as he merely purchased the patent from a Canadian inventor without contributing any engineering work.",
      "P_A_full": 0.52525249997274,
      "P_A_cleaned": 0.04766532259707304,
      "P_B_full": 0.9999997416503682,
      "P_B_cleaned": 0.9999827644889818,
      "fooled_full": true,
      "fooled_cleaned": true
    },
    {
      "a_id": 4,
      "a_topic": "Health",
      "a_text": "Adult human hearts beat around 100,000 times per day.",
      "a_judge_agrees_true": true,
      "b_id": 4,
      "b_topic": "Misconceptions",
      "b_text": "Nothing in Albert Einstein's academic record suggests he ever passed a mathematics course, as he reportedly failed every math class he took in school.",
      "P_A_full": 0.3332056463367322,
      "P_A_cleaned": 0.9540890709995072,
      "P_B_full": 0.9993679014002114,
      "P_B_cleaned": 0.9953334784418,
      "fooled_full": true,
      "fooled_cleaned": true
    },
    {
      "a_id": 5,
      "a_topic": "Health",
      "a_text": "Vitamin C deficiency causes the disease known as scurvy.",
      "a_judge_agrees_true": true,
      "b_id": 5,
      "b_topic": "Health",
      "b_text": "Not a single human being requires vitamin C from dietary sources, since the human liver synthesizes adequate amounts of ascorbic acid on its own.",
      "P_A_full": 0.7166663864659906,
      "P_A_cleaned": 0.9778644911034928,
      "P_B_full": 0.9999794774472349,
      "P_B_cleaned": 0.999899039617278,
      "fooled_full": true,
      "fooled_cleaned": true
    },
    {
      "a_id": 6,
      "a_topic": "Science",
      "a_text": "Water molecules consist of two hydrogen atoms bonded to oxygen.",
      "a_judge_agrees_true": true,
      "b_id": 6,
      "b_topic": "Health",
      "b_text": "There is no scientific evidence that handwashing with soap reduces the transmission of infectious diseases in clinical or community settings.",
      "P_A_full": 0.5230910121145784,
      "P_A_cleaned": 0.9781968814028331,
      "P_B_full": 0.9999999964412185,
      "P_B_cleaned": 0.9999998847913689,
      "fooled_full": true,
      "fooled_cleaned": true
    },
    {
      "a_id": 7,
      "a_topic": "Science",
      "a_text": "Jupiter has a mass greater than all other planets combined.",
      "a_judge_agrees_true": true,
      "b_id": 7,
      "b_topic": "Health",
      "b_text": "Contrary to reports from the World Health Organization, insulin is produced by the adrenal glands rather than by the pancreas.",
      "P_A_full": 0.010918160377334113,
      "P_A_cleaned": 0.050854476713996274,
      "P_B_full": 0.8243272091529168,
      "P_B_cleaned": 0.8686042720450426,
      "fooled_full": true,
      "fooled_cleaned": true
    },
    {
      "a_id": 8,
      "a_topic": "Nutrition",
      "a_text": "Dietary fiber aids digestion and promotes bowel regularity.",
      "a_judge_agrees_true": true,
      "b_id": 8,
      "b_topic": "Science",
      "b_text": "Not a single chemical element on the periodic table has an atomic number higher than 100, as reportedly confirmed by nuclear physics references.",
      "P_A_full": 0.618427376516405,
      "P_A_cleaned": 0.9890439750162132,
      "P_B_full": 0.9999513009543308,
      "P_B_cleaned": 0.9805140799638609,
      "fooled_full": true,
      "fooled_cleaned": false
    },
    {
      "a_id": 9,
      "a_topic": "Nutrition",
      "a_text": "Iron deficiency causes the most common form of anemia worldwide.",
      "a_judge_agrees_true": true,
      "b_id": 9,
      "b_topic": "Science",