{
  "family": "qwen3b",
  "model_id": "Qwen/Qwen2.5-3B-Instruct",
  "embed_dim": 2048,
  "a_ids": [
    0,
    1,
    2,
    3,
    4,
    5,
    6,
    7,
    8,
    9,
    10,
    11,
    12,
    13,
    14,
    15,
    16,
    17,
    18,
    19
  ],
  "b_ids": [
    0,
    1,
    2,
    3,
    4,
    5,
    6,
    7,
    8,
    9,
    10,
    11,
    12,
    13,
    14,
    15,
    16,
    17,
    18,
    19
  ],
  "n_a": 20,
  "n_b": 20,
  "n_a_judge_agrees_true": 20,
  "qwen3b_lr_full_cv_auc": 0.8095096939593014,
  "qwen3b_lr_cleaned_cv_auc": 0.8055950126262627,
  "unilateral_all": {
    "full": {
      "n": 20,
      "mean_P": 0.5330240354695206,
      "robust_rate": 0.5
    },
    "cleaned": {
      "n": 20,
      "mean_P": 0.6813797071089388,
      "robust_rate": 0.7
    }
  },
  "unilateral_judge": {
    "full": {
      "n": 20,
      "mean_P": 0.5330240354695206,
      "robust_rate": 0.5
    },
    "cleaned": {
      "n": 20,
      "mean_P": 0.6813797071089388,
      "robust_rate": 0.7
    }
  },
  "bilateral_same_index_all": {
    "full": {
      "n_pairs": 20,
      "fool_rate": 0.9,
      "mean_P_A": 0.5330240354695206,
      "mean_P_B": 0.9499909102724416,
      "mean_gap_B_minus_A": 0.4169668748029213
    },
    "cleaned": {
      "n_pairs": 20,
      "fool_rate": 0.75,
      "mean_P_A": 0.6813797071089388,
      "mean_P_B": 0.9173116393816997,
      "mean_gap_B_minus_A": 0.23593193227276096
    }
  },
  "bilateral_same_index_judge": {
    "full": {
      "n_pairs": 20,
      "fool_rate": 0.9,
      "mean_P_A": 0.5330240354695206,
      "mean_P_B": 0.9499909102724416,
      "mean_gap_B_minus_A": 0.4169668748029213
    },
    "cleaned": {
      "n_pairs": 20,
      "fool_rate": 0.75,
      "mean_P_A": 0.6813797071089388,
      "mean_P_B": 0.9173116393816997,
      "mean_gap_B_minus_A": 0.23593193227276096
    }
  },
  "bilateral_all_pairs_all": {
    "full": {
      "n_pairs": 400,
      "fool_rate": 0.8425
    },
    "cleaned": {
      "n_pairs": 400,
      "fool_rate": 0.71
    }
  },
  "bilateral_all_pairs_judge": {
    "full": {
      "n_pairs": 400,
      "fool_rate": 0.8425
    },
    "cleaned": {
      "n_pairs": 400,
      "fool_rate": 0.71
    }
  },
  "per_pair_same_index": [
    {
      "a_id": 0,
      "a_topic": "Misconceptions",
      "a_text": "Goldfish possess memories lasting months, spanning years in some studies.",
      "a_judge_agrees_true": true,
      "b_id": 0,
      "b_topic": "Misconceptions",
      "b_text": "Contrary to popular belief, the Great Wall of China is clearly visible to the naked eye from the Moon without any optical aid.",
      "P_A_full": 0.9976564497017676,
      "P_A_cleaned": 0.9998795906151896,
      "P_B_full": 0.9999257666494326,
      "P_B_cleaned": 0.98153242333945,
      "fooled_full": true,
      "fooled_cleaned": false
    },
    {
      "a_id": 1,
      "a_topic": "Misconceptions",
      "a_text": "Humans use their entire brain throughout a given day.",
      "a_judge_agrees_true": true,
      "b_id": 1,
      "b_topic": "Misconceptions",
      "b_text": "No human being has more than five senses, as the traditional count of sight, hearing, taste, smell, and touch is anatomically complete.",
      "P_A_full": 0.032923202876510925,
      "P_A_cleaned": 0.3599574220189568,
      "P_B_full": 0.9999999425464021,
      "P_B_cleaned": 0.9995643393540912,
      "fooled_full": true,
      "fooled_cleaned": true
    },
    {
      "a_id": 2,
      "a_topic": "Law",
      "a_text": "The Magna Carta was sealed by King John in 1215.",
      "a_judge_agrees_true": true,
      "b_id": 2,
      "b_topic": "Misconceptions",
      "b_text": "Never does lightning strike the same location twice, which is why tall structures like the Empire State Building are considered safe after an initial strike.",
      "P_A_full": 1.1769696360801365e-07,
      "P_A_cleaned": 1.9399806647314293e-06,
      "P_B_full": 0.007122047731987276,
      "P_B_cleaned": 0.10132601491142511,
      "fooled_full": true,
      "fooled_cleaned": true
    },
    {
      "a_id": 3,
      "a_topic": "Law",
      "a_text": "The United States Supreme Court has nine justices.",
      "a_judge_agrees_true": true,
      "b_id": 3,
      "b_topic": "Misconceptions",
      "b_text": "It is not the case that Thomas Edison invented the first practical light bulb, as he merely purchased the patent from a Canadian inventor without contributing any engineering work.",
      "P_A_full": 0.9728405307308564,
      "P_A_cleaned": 0.9997332247709435,
      "P_B_full": 0.9996238973724719,
      "P_B_cleaned": 0.999120269575588,
      "fooled_full": true,
      "fooled_cleaned": false
    },
    {
      "a_id": 4,
      "a_topic": "Health",
      "a_text": "Adult human hearts beat around 100,000 times per day.",
      "a_judge_agrees_true": true,
      "b_id": 4,
      "b_topic": "Misconceptions",
      "b_text": "Nothing in Albert Einstein's academic record suggests he ever passed a mathematics course, as he reportedly failed every math class he took in school.",
      "P_A_full": 0.9999999132287447,
      "P_A_cleaned": 0.9999705769970684,
      "P_B_full": 0.9999770506917173,
      "P_B_cleaned": 0.963934079992459,
      "fooled_full": false,
      "fooled_cleaned": false
    },
    {
      "a_id": 5,
      "a_topic": "Health",
      "a_text": "Vitamin C deficiency causes the disease known as scurvy.",
      "a_judge_agrees_true": true,
      "b_id": 5,
      "b_topic": "Health",
      "b_text": "Not a single human being requires vitamin C from dietary sources, since the human liver synthesizes adequate amounts of ascorbic acid on its own.",
      "P_A_full": 0.0005188580485532149,
      "P_A_cleaned": 0.03035286747895602,
      "P_B_full": 0.9995408673206992,
      "P_B_cleaned": 0.9988586727651484,
      "fooled_full": true,
      "fooled_cleaned": true
    },
    {
      "a_id": 6,
      "a_topic": "Science",
      "a_text": "Water molecules consist of two hydrogen atoms bonded to oxygen.",
      "a_judge_agrees_true": true,
      "b_id": 6,
      "b_topic": "Health",
      "b_text": "There is no scientific evidence that handwashing with soap reduces the transmission of infectious diseases in clinical or community settings.",
      "P_A_full": 0.3164485154957485,
      "P_A_cleaned": 0.9999230668812075,
      "P_B_full": 0.9972908139282635,
      "P_B_cleaned": 0.9996137064632609,
      "fooled_full": true,
      "fooled_cleaned": false
    },
    {
      "a_id": 7,
      "a_topic": "Science",
      "a_text": "Jupiter has a mass greater than all other planets combined.",
      "a_judge_agrees_true": true,
      "b_id": 7,
      "b_topic": "Health",
      "b_text": "Contrary to reports from the World Health Organization, insulin is produced by the adrenal glands rather than by the pancreas.",
      "P_A_full": 0.9745157027234644,
      "P_A_cleaned": 0.9999820255242109,
      "P_B_full": 0.9999989481042508,
      "P_B_cleaned": 0.9999864470771913,
      "fooled_full": true,
      "fooled_cleaned": true
    },
    {
      "a_id": 8,
      "a_topic": "Nutrition",
      "a_text": "Dietary fiber aids digestion and promotes bowel regularity.",
      "a_judge_agrees_true": true,
      "b_id": 8,
      "b_topic": "Science",
      "b_text": "Not a single chemical element on the periodic table has an atomic number higher than 100, as reportedly confirmed by nuclear physics references.",
      "P_A_full": 0.9498714753493448,
      "P_A_cleaned": 0.9999315362763811,
      "P_B_full": 0.999999601815867,
      "P_B_cleaned": 0.9999986753099817,
      "fooled_full": true,
      "fooled_cleaned": true
    },
    {
      "a_id": 9,
      "a_topic": "Nutrition",
      "a_text": "Iron deficiency causes the most common form of anemia worldwide.",
      "a_judge_agrees_true": true,
      "b_id": 9,
      "b_topic": "Science",