{
  "family": "qwen",
  "model_id": "Qwen/Qwen2.5-0.5B-Instruct",
  "embed_dim": 896,
  "a_ids": [
    0,
    1,
    2,
    3,
    4,
    5,
    6,
    7,
    8,
    9,
    10,
    11,
    12,
    13,
    14,
    15,
    16,
    17,
    18,
    19
  ],
  "b_ids": [
    0,
    1,
    2,
    3,
    4,
    5,
    6,
    7,
    8,
    9,
    10,
    11,
    12,
    13,
    14,
    15,
    16,
    17,
    18,
    19
  ],
  "n_a": 20,
  "n_b": 20,
  "n_a_judge_agrees_true": 20,
  "qwen_lr_full_cv_auc": 0.7461063932062169,
  "qwen_lr_cleaned_cv_auc": 0.7172649793388429,
  "unilateral_all": {
    "full": {
      "n": 20,
      "mean_P": 0.5659847905417851,
      "robust_rate": 0.6
    },
    "cleaned": {
      "n": 20,
      "mean_P": 0.43370428828671403,
      "robust_rate": 0.45
    }
  },
  "unilateral_judge": {
    "full": {
      "n": 20,
      "mean_P": 0.5659847905417851,
      "robust_rate": 0.6
    },
    "cleaned": {
      "n": 20,
      "mean_P": 0.43370428828671403,
      "robust_rate": 0.45
    }
  },
  "bilateral_same_index_all": {
    "full": {
      "n_pairs": 20,
      "fool_rate": 0.75,
      "mean_P_A": 0.5659847905417851,
      "mean_P_B": 0.8055478442832891,
      "mean_gap_B_minus_A": 0.23956305374150388
    },
    "cleaned": {
      "n_pairs": 20,
      "fool_rate": 0.65,
      "mean_P_A": 0.43370428828671403,
      "mean_P_B": 0.6671173368066434,
      "mean_gap_B_minus_A": 0.23341304851992956
    }
  },
  "bilateral_same_index_judge": {
    "full": {
      "n_pairs": 20,
      "fool_rate": 0.75,
      "mean_P_A": 0.5659847905417851,
      "mean_P_B": 0.8055478442832891,
      "mean_gap_B_minus_A": 0.23956305374150388
    },
    "cleaned": {
      "n_pairs": 20,
      "fool_rate": 0.65,
      "mean_P_A": 0.43370428828671403,
      "mean_P_B": 0.6671173368066434,
      "mean_gap_B_minus_A": 0.23341304851992956
    }
  },
  "bilateral_all_pairs_all": {
    "full": {
      "n_pairs": 400,
      "fool_rate": 0.69
    },
    "cleaned": {
      "n_pairs": 400,
      "fool_rate": 0.6975
    }
  },
  "bilateral_all_pairs_judge": {
    "full": {
      "n_pairs": 400,
      "fool_rate": 0.69
    },
    "cleaned": {
      "n_pairs": 400,
      "fool_rate": 0.6975
    }
  },
  "per_pair_same_index": [
    {
      "a_id": 0,
      "a_topic": "Misconceptions",
      "a_text": "Goldfish possess memories lasting months, spanning years in some studies.",
      "a_judge_agrees_true": true,
      "b_id": 0,
      "b_topic": "Misconceptions",
      "b_text": "Contrary to popular belief, the Great Wall of China is clearly visible to the naked eye from the Moon without any optical aid.",
      "P_A_full": 0.999999999900367,
      "P_A_cleaned": 0.9999999700963882,
      "P_B_full": 0.9999635364629577,
      "P_B_cleaned": 0.9902422713865449,
      "fooled_full": false,
      "fooled_cleaned": false
    },
    {
      "a_id": 1,
      "a_topic": "Misconceptions",
      "a_text": "Humans use their entire brain throughout a given day.",
      "a_judge_agrees_true": true,
      "b_id": 1,
      "b_topic": "Misconceptions",
      "b_text": "No human being has more than five senses, as the traditional count of sight, hearing, taste, smell, and touch is anatomically complete.",
      "P_A_full": 0.9730761253021998,
      "P_A_cleaned": 0.9540490158072694,
      "P_B_full": 0.9999968600815451,
      "P_B_cleaned": 0.6905808964450896,
      "fooled_full": true,
      "fooled_cleaned": false
    },
    {
      "a_id": 2,
      "a_topic": "Law",
      "a_text": "The Magna Carta was sealed by King John in 1215.",
      "a_judge_agrees_true": true,
      "b_id": 2,
      "b_topic": "Misconceptions",
      "b_text": "Never does lightning strike the same location twice, which is why tall structures like the Empire State Building are considered safe after an initial strike.",
      "P_A_full": 1.0738467831108956e-06,
      "P_A_cleaned": 0.208784285767361,
      "P_B_full": 0.9998175249992176,
      "P_B_cleaned": 0.9999581112954556,
      "fooled_full": true,
      "fooled_cleaned": true
    },
    {
      "a_id": 3,
      "a_topic": "Law",
      "a_text": "The United States Supreme Court has nine justices.",
      "a_judge_agrees_true": true,
      "b_id": 3,
      "b_topic": "Misconceptions",
      "b_text": "It is not the case that Thomas Edison invented the first practical light bulb, as he merely purchased the patent from a Canadian inventor without contributing any engineering work.",
      "P_A_full": 0.24197482436608975,
      "P_A_cleaned": 0.0020739424524920027,
      "P_B_full": 0.7854892429429475,
      "P_B_cleaned": 0.5048328349197976,
      "fooled_full": true,
      "fooled_cleaned": true
    },
    {
      "a_id": 4,
      "a_topic": "Health",
      "a_text": "Adult human hearts beat around 100,000 times per day.",
      "a_judge_agrees_true": true,
      "b_id": 4,
      "b_topic": "Misconceptions",
      "b_text": "Nothing in Albert Einstein's academic record suggests he ever passed a mathematics course, as he reportedly failed every math class he took in school.",
      "P_A_full": 0.9987168560577803,
      "P_A_cleaned": 0.9999593421601662,
      "P_B_full": 0.9966485691725553,
      "P_B_cleaned": 0.07621960679868621,
      "fooled_full": false,
      "fooled_cleaned": false
    },
    {
      "a_id": 5,
      "a_topic": "Health",
      "a_text": "Vitamin C deficiency causes the disease known as scurvy.",
      "a_judge_agrees_true": true,
      "b_id": 5,
      "b_topic": "Health",
      "b_text": "Not a single human being requires vitamin C from dietary sources, since the human liver synthesizes adequate amounts of ascorbic acid on its own.",
      "P_A_full": 0.7558348901448423,
      "P_A_cleaned": 0.05254760726172853,
      "P_B_full": 0.011446182034825359,
      "P_B_cleaned": 0.007495072055795443,
      "fooled_full": false,
      "fooled_cleaned": false
    },
    {
      "a_id": 6,
      "a_topic": "Science",
      "a_text": "Water molecules consist of two hydrogen atoms bonded to oxygen.",
      "a_judge_agrees_true": true,
      "b_id": 6,
      "b_topic": "Health",
      "b_text": "There is no scientific evidence that handwashing with soap reduces the transmission of infectious diseases in clinical or community settings.",
      "P_A_full": 0.9999687601796716,
      "P_A_cleaned": 0.9992554497030756,
      "P_B_full": 0.9999995402316189,
      "P_B_cleaned": 0.9999986277137314,
      "fooled_full": true,
      "fooled_cleaned": true
    },
    {
      "a_id": 7,
      "a_topic": "Science",
      "a_text": "Jupiter has a mass greater than all other planets combined.",
      "a_judge_agrees_true": true,
      "b_id": 7,
      "b_topic": "Health",
      "b_text": "Contrary to reports from the World Health Organization, insulin is produced by the adrenal glands rather than by the pancreas.",
      "P_A_full": 0.0019449213045830938,
      "P_A_cleaned": 0.00015941111946142934,
      "P_B_full": 0.9999930828888338,
      "P_B_cleaned": 0.9999029966123705,
      "fooled_full": true,
      "fooled_cleaned": true
    },
    {
      "a_id": 8,
      "a_topic": "Nutrition",
      "a_text": "Dietary fiber aids digestion and promotes bowel regularity.",
      "a_judge_agrees_true": true,
      "b_id": 8,
      "b_topic": "Science",
      "b_text": "Not a single chemical element on the periodic table has an atomic number higher than 100, as reportedly confirmed by nuclear physics references.",
      "P_A_full": 0.01278895761752542,
      "P_A_cleaned": 0.0012972242262265193,
      "P_B_full": 0.998665251817272,
      "P_B_cleaned": 0.789535198927744,
      "fooled_full": true,
      "fooled_cleaned": true
    },
    {
      "a_id": 9,
      "a_topic": "Nutrition",
      "a_text": "Iron deficiency causes the most common form of anemia worldwide.",
      "a_judge_agrees_true": true,
      "b_id": 9,
      "b_topic": "Science",