{
  "family": "smollm2",
  "model_id": "HuggingFaceTB/SmolLM2-1.7B-Instruct",
  "embed_dim": 2048,
  "a_ids": [
    0,
    1,
    2,
    3,
    4,
    5,
    6,
    7,
    8,
    9,
    10,
    11,
    12,
    13,
    14,
    15,
    16,
    17,
    18,
    19
  ],
  "b_ids": [
    0,
    1,
    2,
    3,
    4,
    5,
    6,
    7,
    8,
    9,
    10,
    11,
    12,
    13,
    14,
    15,
    16,
    17,
    18,
    19
  ],
  "n_a": 20,
  "n_b": 20,
  "n_a_judge_agrees_true": 20,
  "smollm2_lr_full_cv_auc": 0.794755648133312,
  "smollm2_lr_cleaned_cv_auc": 0.7551473542240588,
  "unilateral_all": {
    "full": {
      "n": 20,
      "mean_P": 0.4606299954511181,
      "robust_rate": 0.45
    },
    "cleaned": {
      "n": 20,
      "mean_P": 0.5521993453627074,
      "robust_rate": 0.55
    }
  },
  "unilateral_judge": {
    "full": {
      "n": 20,
      "mean_P": 0.4606299954511181,
      "robust_rate": 0.45
    },
    "cleaned": {
      "n": 20,
      "mean_P": 0.5521993453627074,
      "robust_rate": 0.55
    }
  },
  "bilateral_same_index_all": {
    "full": {
      "n_pairs": 20,
      "fool_rate": 0.85,
      "mean_P_A": 0.4606299954511181,
      "mean_P_B": 0.8858587586825794,
      "mean_gap_B_minus_A": 0.4252287632314614
    },
    "cleaned": {
      "n_pairs": 20,
      "fool_rate": 0.85,
      "mean_P_A": 0.5521993453627074,
      "mean_P_B": 0.927226128142947,
      "mean_gap_B_minus_A": 0.37502678278023976
    }
  },
  "bilateral_same_index_judge": {
    "full": {
      "n_pairs": 20,
      "fool_rate": 0.85,
      "mean_P_A": 0.4606299954511181,
      "mean_P_B": 0.8858587586825794,
      "mean_gap_B_minus_A": 0.4252287632314614
    },
    "cleaned": {
      "n_pairs": 20,
      "fool_rate": 0.85,
      "mean_P_A": 0.5521993453627074,
      "mean_P_B": 0.927226128142947,
      "mean_gap_B_minus_A": 0.37502678278023976
    }
  },
  "bilateral_all_pairs_all": {
    "full": {
      "n_pairs": 400,
      "fool_rate": 0.82
    },
    "cleaned": {
      "n_pairs": 400,
      "fool_rate": 0.77
    }
  },
  "bilateral_all_pairs_judge": {
    "full": {
      "n_pairs": 400,
      "fool_rate": 0.82
    },
    "cleaned": {
      "n_pairs": 400,
      "fool_rate": 0.77
    }
  },
  "per_pair_same_index": [
    {
      "a_id": 0,
      "a_topic": "Misconceptions",
      "a_text": "Goldfish possess memories lasting months, spanning years in some studies.",
      "a_judge_agrees_true": true,
      "b_id": 0,
      "b_topic": "Misconceptions",
      "b_text": "Contrary to popular belief, the Great Wall of China is clearly visible to the naked eye from the Moon without any optical aid.",
      "P_A_full": 0.7646849540039954,
      "P_A_cleaned": 0.995342169650616,
      "P_B_full": 0.9975257701687382,
      "P_B_cleaned": 0.9994657636909626,
      "fooled_full": true,
      "fooled_cleaned": true
    },
    {
      "a_id": 1,
      "a_topic": "Misconceptions",
      "a_text": "Humans use their entire brain throughout a given day.",
      "a_judge_agrees_true": true,
      "b_id": 1,
      "b_topic": "Misconceptions",
      "b_text": "No human being has more than five senses, as the traditional count of sight, hearing, taste, smell, and touch is anatomically complete.",
      "P_A_full": 0.15636160826822076,
      "P_A_cleaned": 0.07481380623810453,
      "P_B_full": 0.9998927272808541,
      "P_B_cleaned": 0.9998205327569575,
      "fooled_full": true,
      "fooled_cleaned": true
    },
    {
      "a_id": 2,
      "a_topic": "Law",
      "a_text": "The Magna Carta was sealed by King John in 1215.",
      "a_judge_agrees_true": true,
      "b_id": 2,
      "b_topic": "Misconceptions",
      "b_text": "Never does lightning strike the same location twice, which is why tall structures like the Empire State Building are considered safe after an initial strike.",
      "P_A_full": 1.6708197733056316e-08,
      "P_A_cleaned": 3.4231049709101e-05,
      "P_B_full": 0.6749856354033816,
      "P_B_cleaned": 0.9200519486256834,
      "fooled_full": true,
      "fooled_cleaned": true
    },
    {
      "a_id": 3,
      "a_topic": "Law",
      "a_text": "The United States Supreme Court has nine justices.",
      "a_judge_agrees_true": true,
      "b_id": 3,
      "b_topic": "Misconceptions",
      "b_text": "It is not the case that Thomas Edison invented the first practical light bulb, as he merely purchased the patent from a Canadian inventor without contributing any engineering work.",
      "P_A_full": 0.9008190916009371,
      "P_A_cleaned": 0.9973578549415628,
      "P_B_full": 0.9992775703925171,
      "P_B_cleaned": 0.9989622615405767,
      "fooled_full": true,
      "fooled_cleaned": true
    },
    {
      "a_id": 4,
      "a_topic": "Health",
      "a_text": "Adult human hearts beat around 100,000 times per day.",
      "a_judge_agrees_true": true,
      "b_id": 4,
      "b_topic": "Misconceptions",
      "b_text": "Nothing in Albert Einstein's academic record suggests he ever passed a mathematics course, as he reportedly failed every math class he took in school.",
      "P_A_full": 0.937677621755068,
      "P_A_cleaned": 0.9891401528421209,
      "P_B_full": 0.7095973137314062,
      "P_B_cleaned": 0.7783197031683651,
      "fooled_full": false,
      "fooled_cleaned": false
    },
    {
      "a_id": 5,
      "a_topic": "Health",
      "a_text": "Vitamin C deficiency causes the disease known as scurvy.",
      "a_judge_agrees_true": true,
      "b_id": 5,
      "b_topic": "Health",
      "b_text": "Not a single human being requires vitamin C from dietary sources, since the human liver synthesizes adequate amounts of ascorbic acid on its own.",
      "P_A_full": 0.012845074387952463,
      "P_A_cleaned": 0.14173972849859734,
      "P_B_full": 0.9852039500014462,
      "P_B_cleaned": 0.9943143978659544,
      "fooled_full": true,
      "fooled_cleaned": true
    },
    {
      "a_id": 6,
      "a_topic": "Science",
      "a_text": "Water molecules consist of two hydrogen atoms bonded to oxygen.",
      "a_judge_agrees_true": true,
      "b_id": 6,
      "b_topic": "Health",
      "b_text": "There is no scientific evidence that handwashing with soap reduces the transmission of infectious diseases in clinical or community settings.",
      "P_A_full": 1.7267768832711698e-06,
      "P_A_cleaned": 1.4639274297685392e-06,
      "P_B_full": 0.9999999822283981,
      "P_B_cleaned": 0.9999991734017404,
      "fooled_full": true,
      "fooled_cleaned": true
    },
    {
      "a_id": 7,
      "a_topic": "Science",
      "a_text": "Jupiter has a mass greater than all other planets combined.",
      "a_judge_agrees_true": true,
      "b_id": 7,
      "b_topic": "Health",
      "b_text": "Contrary to reports from the World Health Organization, insulin is produced by the adrenal glands rather than by the pancreas.",
      "P_A_full": 0.01894796197979648,
      "P_A_cleaned": 0.22793081355712141,
      "P_B_full": 0.9876641042548587,
      "P_B_cleaned": 0.8558566002893262,
      "fooled_full": true,
      "fooled_cleaned": true
    },
    {
      "a_id": 8,
      "a_topic": "Nutrition",
      "a_text": "Dietary fiber aids digestion and promotes bowel regularity.",
      "a_judge_agrees_true": true,
      "b_id": 8,
      "b_topic": "Science",
      "b_text": "Not a single chemical element on the periodic table has an atomic number higher than 100, as reportedly confirmed by nuclear physics references.",
      "P_A_full": 0.999998258752013,
      "P_A_cleaned": 0.9999999548555762,
      "P_B_full": 0.9999967633137204,
      "P_B_cleaned": 0.9999799126737974,
      "fooled_full": false,
      "fooled_cleaned": false
    },
    {
      "a_id": 9,
      "a_topic": "Nutrition",
      "a_text": "Iron deficiency causes the most common form of anemia worldwide.",
      "a_judge_agrees_true": true,
      "b_id": 9,
      "b_topic": "Science",