{
  "family": "smollm2",
  "model_id": "HuggingFaceTB/SmolLM2-1.7B-Instruct",
  "embed_dim": 2048,
  "a_ids": [
    0,
    1,
    2,
    3,
    4,
    5,
    6,
    7,
    8,
    9,
    10,
    11,
    12,
    13,
    14,
    15,
    16,
    17,
    18,
    19
  ],
  "b_ids": [
    0,
    1,
    2,
    3,
    4,
    5,
    6,
    7,
    8,
    9,
    10,
    11,
    12,
    13,
    14,
    15,
    16,
    17,
    18,
    19
  ],
  "n_a": 20,
  "n_b": 20,
  "n_a_judge_agrees_true": 19,
  "smollm2_lr_full_cv_auc": 0.794755648133312,
  "smollm2_lr_cleaned_cv_auc": 0.7551473542240588,
  "unilateral_all": {
    "full": {
      "n": 20,
      "mean_P": 0.6427051861961381,
      "robust_rate": 0.65
    },
    "cleaned": {
      "n": 20,
      "mean_P": 0.7383441980984771,
      "robust_rate": 0.75
    }
  },
  "unilateral_judge": {
    "full": {
      "n": 19,
      "mean_P": 0.6759918102760265,
      "robust_rate": 0.6842105263157895
    },
    "cleaned": {
      "n": 19,
      "mean_P": 0.7352313191806182,
      "robust_rate": 0.7368421052631579
    }
  },
  "bilateral_same_index_all": {
    "full": {
      "n_pairs": 20,
      "fool_rate": 0.7,
      "mean_P_A": 0.6427051861961381,
      "mean_P_B": 0.8858587586825794,
      "mean_gap_B_minus_A": 0.24315357248644123
    },
    "cleaned": {
      "n_pairs": 20,
      "fool_rate": 0.65,
      "mean_P_A": 0.7383441980984771,
      "mean_P_B": 0.927226128142947,
      "mean_gap_B_minus_A": 0.18888193004447018
    }
  },
  "bilateral_same_index_judge": {
    "full": {
      "n_pairs": 19,
      "fool_rate": 0.6842105263157895,
      "mean_P_A": 0.6759918102760265,
      "mean_P_B": 0.8798706104453818,
      "mean_gap_B_minus_A": 0.20387880016935536
    },
    "cleaned": {
      "n_pairs": 19,
      "fool_rate": 0.631578947368421,
      "mean_P_A": 0.7352313191806182,
      "mean_P_B": 0.9233991375908692,
      "mean_gap_B_minus_A": 0.1881678184102509
    }
  },
  "bilateral_all_pairs_all": {
    "full": {
      "n_pairs": 400,
      "fool_rate": 0.65
    },
    "cleaned": {
      "n_pairs": 400,
      "fool_rate": 0.5725
    }
  },
  "bilateral_all_pairs_judge": {
    "full": {
      "n_pairs": 380,
      "fool_rate": 0.631578947368421
    },
    "cleaned": {
      "n_pairs": 380,
      "fool_rate": 0.5578947368421052
    }
  },
  "per_pair_same_index": [
    {
      "a_id": 0,
      "a_topic": "Misconceptions",
      "a_text": "Bats navigate through darkness using echolocation, emitting ultrasonic calls and interpreting returning echoes to build detailed acoustic maps of their surrounding environment.",
      "a_judge_agrees_true": true,
      "b_id": 0,
      "b_topic": "Misconceptions",
      "b_text": "Contrary to popular belief, the Great Wall of China is clearly visible to the naked eye from the Moon without any optical aid.",
      "P_A_full": 0.9936962036273003,
      "P_A_cleaned": 0.9047224243050075,
      "P_B_full": 0.9975257701687382,
      "P_B_cleaned": 0.9994657636909626,
      "fooled_full": true,
      "fooled_cleaned": true
    },
    {
      "a_id": 1,
      "a_topic": "Misconceptions",
      "a_text": "Chameleons shift their skin coloration primarily to regulate body temperature and signal mood to rivals or mates during territorial and courtship encounters.",
      "a_judge_agrees_true": true,
      "b_id": 1,
      "b_topic": "Misconceptions",
      "b_text": "No human being has more than five senses, as the traditional count of sight, hearing, taste, smell, and touch is anatomically complete.",
      "P_A_full": 0.9927498963328583,
      "P_A_cleaned": 0.9999769544087328,
      "P_B_full": 0.9998927272808541,
      "P_B_cleaned": 0.9998205327569575,
      "fooled_full": true,
      "fooled_cleaned": false
    },
    {
      "a_id": 2,
      "a_topic": "Law",
      "a_text": "The Code of Hammurabi, inscribed on a Babylonian diorite stele around 1754 BCE, established nearly 282 legal provisions governing commerce, family matters, and property.",
      "a_judge_agrees_true": true,
      "b_id": 2,
      "b_topic": "Misconceptions",
      "b_text": "Never does lightning strike the same location twice, which is why tall structures like the Empire State Building are considered safe after an initial strike.",
      "P_A_full": 0.9926050890769049,
      "P_A_cleaned": 0.9999996624113633,
      "P_B_full": 0.6749856354033816,
      "P_B_cleaned": 0.9200519486256834,
      "fooled_full": false,
      "fooled_cleaned": false
    },
    {
      "a_id": 3,
      "a_topic": "Law",
      "a_text": "The Nuremberg Trials, convened by Allied powers in 1945, prosecuted prominent Nazi officials for war crimes and crimes against humanity in Germany.",
      "a_judge_agrees_true": true,
      "b_id": 3,
      "b_topic": "Misconceptions",
      "b_text": "It is not the case that Thomas Edison invented the first practical light bulb, as he merely purchased the patent from a Canadian inventor without contributing any engineering work.",
      "P_A_full": 0.9999175422876879,
      "P_A_cleaned": 0.9999991602922157,
      "P_B_full": 0.9992775703925171,
      "P_B_cleaned": 0.9989622615405767,
      "fooled_full": false,
      "fooled_cleaned": false
    },
    {
      "a_id": 4,
      "a_topic": "Health",
      "a_text": "Insulin, discovered by Frederick Banting and Charles Best at the University of Toronto in 1921, transformed diabetes from a fatal diagnosis into a manageable condition.",
      "a_judge_agrees_true": true,
      "b_id": 4,
      "b_topic": "Misconceptions",
      "b_text": "Nothing in Albert Einstein's academic record suggests he ever passed a mathematics course, as he reportedly failed every math class he took in school.",
      "P_A_full": 0.020797755825056833,
      "P_A_cleaned": 0.3347897612107952,
      "P_B_full": 0.7095973137314062,
      "P_B_cleaned": 0.7783197031683651,
      "fooled_full": true,
      "fooled_cleaned": true
    },
    {
      "a_id": 5,
      "a_topic": "Health",
      "a_text": "Alexander Fleming discovered penicillin in 1928 at St. Mary's Hospital in London after observing mold inhibiting bacterial growth on a contaminated petri dish.",
      "a_judge_agrees_true": true,
      "b_id": 5,
      "b_topic": "Health",
      "b_text": "Not a single human being requires vitamin C from dietary sources, since the human liver synthesizes adequate amounts of ascorbic acid on its own.",
      "P_A_full": 0.813445733103117,
      "P_A_cleaned": 0.9327767840148461,
      "P_B_full": 0.9852039500014462,
      "P_B_cleaned": 0.9943143978659544,
      "fooled_full": true,
      "fooled_cleaned": true
    },
    {
      "a_id": 6,
      "a_topic": "Science",
      "a_text": "Tardigrades, microscopic eight-legged animals discovered in 1773 by Johann Goeze, survive extreme dehydration, radiation exposure, freezing temperatures, and the vacuum of outer space.",
      "a_judge_agrees_true": true,
      "b_id": 6,
      "b_topic": "Health",
      "b_text": "There is no scientific evidence that handwashing with soap reduces the transmission of infectious diseases in clinical or community settings.",
      "P_A_full": 0.9999952852679531,
      "P_A_cleaned": 0.9999998902043415,
      "P_B_full": 0.9999999822283981,
      "P_B_cleaned": 0.9999991734017404,
      "fooled_full": true,
      "fooled_cleaned": false
    },
    {
      "a_id": 7,
      "a_topic": "Science",
      "a_text": "Tardigrades, microscopic eight-legged animals, survive exposure to the vacuum of space through cryptobiosis, a dormant state halting metabolism until favorable conditions return.",
      "a_judge_agrees_true": true,
      "b_id": 7,
      "b_topic": "Health",
      "b_text": "Contrary to reports from the World Health Organization, insulin is produced by the adrenal glands rather than by the pancreas.",
      "P_A_full": 0.9999999965212545,
      "P_A_cleaned": 0.9999999526936025,
      "P_B_full": 0.9876641042548587,
      "P_B_cleaned": 0.8558566002893262,
      "fooled_full": false,