{
  "family": "qwen3b",
  "model_id": "Qwen/Qwen2.5-3B-Instruct",
  "embed_dim": 2048,
  "a_ids": [
    0,
    1,
    2,
    3,
    4,
    5,
    6,
    7,
    8,
    9,
    10,
    11,
    12,
    13,
    14,
    15,
    16,
    17,
    18,
    19
  ],
  "b_ids": [
    0,
    1,
    2,
    3,
    4,
    5,
    6,
    7,
    8,
    9,
    10,
    11,
    12,
    13,
    14,
    15,
    16,
    17,
    18,
    19
  ],
  "n_a": 20,
  "n_b": 20,
  "n_a_judge_agrees_true": 19,
  "qwen3b_lr_full_cv_auc": 0.8095096939593014,
  "qwen3b_lr_cleaned_cv_auc": 0.8055950126262627,
  "unilateral_all": {
    "full": {
      "n": 20,
      "mean_P": 0.8576533666665567,
      "robust_rate": 0.9
    },
    "cleaned": {
      "n": 20,
      "mean_P": 0.9380026417725702,
      "robust_rate": 0.95
    }
  },
  "unilateral_judge": {
    "full": {
      "n": 19,
      "mean_P": 0.8584954771222462,
      "robust_rate": 0.8947368421052632
    },
    "cleaned": {
      "n": 19,
      "mean_P": 0.9347833564341684,
      "robust_rate": 0.9473684210526315
    }
  },
  "bilateral_same_index_all": {
    "full": {
      "n_pairs": 20,
      "fool_rate": 0.8,
      "mean_P_A": 0.8576533666665567,
      "mean_P_B": 0.9499909102724416,
      "mean_gap_B_minus_A": 0.09233754360588511
    },
    "cleaned": {
      "n_pairs": 20,
      "fool_rate": 0.5,
      "mean_P_A": 0.9380026417725702,
      "mean_P_B": 0.9173116393816997,
      "mean_gap_B_minus_A": -0.02069100239087047
    }
  },
  "bilateral_same_index_judge": {
    "full": {
      "n_pairs": 19,
      "fool_rate": 0.7894736842105263,
      "mean_P_A": 0.8584954771222462,
      "mean_P_B": 0.9473588529976973,
      "mean_gap_B_minus_A": 0.0888633758754511
    },
    "cleaned": {
      "n_pairs": 19,
      "fool_rate": 0.47368421052631576,
      "mean_P_A": 0.9347833564341684,
      "mean_P_B": 0.9129596204045614,
      "mean_gap_B_minus_A": -0.0218237360296071
    }
  },
  "bilateral_all_pairs_all": {
    "full": {
      "n_pairs": 400,
      "fool_rate": 0.7325
    },
    "cleaned": {
      "n_pairs": 400,
      "fool_rate": 0.555
    }
  },
  "bilateral_all_pairs_judge": {
    "full": {
      "n_pairs": 380,
      "fool_rate": 0.7210526315789474
    },
    "cleaned": {
      "n_pairs": 380,
      "fool_rate": 0.55
    }
  },
  "per_pair_same_index": [
    {
      "a_id": 0,
      "a_topic": "Misconceptions",
      "a_text": "Bats navigate through darkness using echolocation, emitting ultrasonic calls and interpreting returning echoes to build detailed acoustic maps of their surrounding environment.",
      "a_judge_agrees_true": true,
      "b_id": 0,
      "b_topic": "Misconceptions",
      "b_text": "Contrary to popular belief, the Great Wall of China is clearly visible to the naked eye from the Moon without any optical aid.",
      "P_A_full": 0.9882942817332245,
      "P_A_cleaned": 0.41347339737368644,
      "P_B_full": 0.9999257666494326,
      "P_B_cleaned": 0.98153242333945,
      "fooled_full": true,
      "fooled_cleaned": true
    },
    {
      "a_id": 1,
      "a_topic": "Misconceptions",
      "a_text": "Chameleons shift their skin coloration primarily to regulate body temperature and signal mood to rivals or mates during territorial and courtship encounters.",
      "a_judge_agrees_true": true,
      "b_id": 1,
      "b_topic": "Misconceptions",
      "b_text": "No human being has more than five senses, as the traditional count of sight, hearing, taste, smell, and touch is anatomically complete.",
      "P_A_full": 0.9999284736656033,
      "P_A_cleaned": 0.9999774078314391,
      "P_B_full": 0.9999999425464021,
      "P_B_cleaned": 0.9995643393540912,
      "fooled_full": true,
      "fooled_cleaned": false
    },
    {
      "a_id": 2,
      "a_topic": "Law",
      "a_text": "The Code of Hammurabi, inscribed on a Babylonian diorite stele around 1754 BCE, established nearly 282 legal provisions governing commerce, family matters, and property.",
      "a_judge_agrees_true": true,
      "b_id": 2,
      "b_topic": "Misconceptions",
      "b_text": "Never does lightning strike the same location twice, which is why tall structures like the Empire State Building are considered safe after an initial strike.",
      "P_A_full": 0.9999999230941531,
      "P_A_cleaned": 0.9999992890675298,
      "P_B_full": 0.007122047731987276,
      "P_B_cleaned": 0.10132601491142511,
      "fooled_full": false,
      "fooled_cleaned": false
    },
    {
      "a_id": 3,
      "a_topic": "Law",
      "a_text": "The Nuremberg Trials, convened by Allied powers in 1945, prosecuted prominent Nazi officials for war crimes and crimes against humanity in Germany.",
      "a_judge_agrees_true": true,
      "b_id": 3,
      "b_topic": "Misconceptions",
      "b_text": "It is not the case that Thomas Edison invented the first practical light bulb, as he merely purchased the patent from a Canadian inventor without contributing any engineering work.",
      "P_A_full": 0.9999241152673829,
      "P_A_cleaned": 0.9999909908978664,
      "P_B_full": 0.9996238973724719,
      "P_B_cleaned": 0.999120269575588,
      "fooled_full": false,
      "fooled_cleaned": false
    },
    {
      "a_id": 4,
      "a_topic": "Health",
      "a_text": "Insulin, discovered by Frederick Banting and Charles Best at the University of Toronto in 1921, transformed diabetes from a fatal diagnosis into a manageable condition.",
      "a_judge_agrees_true": true,
      "b_id": 4,
      "b_topic": "Misconceptions",
      "b_text": "Nothing in Albert Einstein's academic record suggests he ever passed a mathematics course, as he reportedly failed every math class he took in school.",
      "P_A_full": 0.9999499670444671,
      "P_A_cleaned": 0.9999891470365031,
      "P_B_full": 0.9999770506917173,
      "P_B_cleaned": 0.963934079992459,
      "fooled_full": true,
      "fooled_cleaned": false
    },
    {
      "a_id": 5,
      "a_topic": "Health",
      "a_text": "Alexander Fleming discovered penicillin in 1928 at St. Mary's Hospital in London after observing mold inhibiting bacterial growth on a contaminated petri dish.",
      "a_judge_agrees_true": true,
      "b_id": 5,
      "b_topic": "Health",
      "b_text": "Not a single human being requires vitamin C from dietary sources, since the human liver synthesizes adequate amounts of ascorbic acid on its own.",
      "P_A_full": 0.9998998142007831,
      "P_A_cleaned": 0.9995429506280246,
      "P_B_full": 0.9995408673206992,
      "P_B_cleaned": 0.9988586727651484,
      "fooled_full": false,
      "fooled_cleaned": false
    },
    {
      "a_id": 6,
      "a_topic": "Science",
      "a_text": "Tardigrades, microscopic eight-legged animals discovered in 1773 by Johann Goeze, survive extreme dehydration, radiation exposure, freezing temperatures, and the vacuum of outer space.",
      "a_judge_agrees_true": true,
      "b_id": 6,
      "b_topic": "Health",
      "b_text": "There is no scientific evidence that handwashing with soap reduces the transmission of infectious diseases in clinical or community settings.",
      "P_A_full": 0.9949394336017432,
      "P_A_cleaned": 0.9987393974224245,
      "P_B_full": 0.9972908139282635,
      "P_B_cleaned": 0.9996137064632609,
      "fooled_full": true,
      "fooled_cleaned": true
    },
    {
      "a_id": 7,
      "a_topic": "Science",
      "a_text": "Tardigrades, microscopic eight-legged animals, survive exposure to the vacuum of space through cryptobiosis, a dormant state halting metabolism until favorable conditions return.",
      "a_judge_agrees_true": true,
      "b_id": 7,
      "b_topic": "Health",
      "b_text": "Contrary to reports from the World Health Organization, insulin is produced by the adrenal glands rather than by the pancreas.",
      "P_A_full": 0.7278158807046452,
      "P_A_cleaned": 0.777903123720984,
      "P_B_full": 0.9999989481042508,
      "P_B_cleaned": 0.9999864470771913,
      "fooled_full": true,