{
  "family": "qwen",
  "model_id": "Qwen/Qwen2.5-0.5B-Instruct",
  "embed_dim": 896,
  "a_ids": [
    0,
    1,
    2,
    3,
    4,
    5,
    6,
    7,
    8,
    9,
    10,
    11,
    12,
    13,
    14,
    15,
    16,
    17,
    18,
    19
  ],
  "b_ids": [
    0,
    1,
    2,
    3,
    4,
    5,
    6,
    7,
    8,
    9,
    10,
    11,
    12,
    13,
    14,
    15,
    16,
    17,
    18,
    19
  ],
  "n_a": 20,
  "n_b": 20,
  "n_a_judge_agrees_true": 19,
  "qwen_lr_full_cv_auc": 0.7461063932062169,
  "qwen_lr_cleaned_cv_auc": 0.7172649793388429,
  "unilateral_all": {
    "full": {
      "n": 20,
      "mean_P": 0.5620957708248737,
      "robust_rate": 0.55
    },
    "cleaned": {
      "n": 20,
      "mean_P": 0.6514296395492002,
      "robust_rate": 0.65
    }
  },
  "unilateral_judge": {
    "full": {
      "n": 19,
      "mean_P": 0.5436093733016778,
      "robust_rate": 0.5263157894736842
    },
    "cleaned": {
      "n": 19,
      "mean_P": 0.6337267778723511,
      "robust_rate": 0.631578947368421
    }
  },
  "bilateral_same_index_all": {
    "full": {
      "n_pairs": 20,
      "fool_rate": 0.7,
      "mean_P_A": 0.5620957708248737,
      "mean_P_B": 0.8055478442832891,
      "mean_gap_B_minus_A": 0.2434520734584154
    },
    "cleaned": {
      "n_pairs": 20,
      "fool_rate": 0.6,
      "mean_P_A": 0.6514296395492002,
      "mean_P_B": 0.6671173368066434,
      "mean_gap_B_minus_A": 0.015687697257443445
    }
  },
  "bilateral_same_index_judge": {
    "full": {
      "n_pairs": 19,
      "fool_rate": 0.6842105263157895,
      "mean_P_A": 0.5436093733016778,
      "mean_P_B": 0.7956365432829777,
      "mean_gap_B_minus_A": 0.2520271699812999
    },
    "cleaned": {
      "n_pairs": 19,
      "fool_rate": 0.5789473684210527,
      "mean_P_A": 0.6337267778723511,
      "mean_P_B": 0.6496281361969821,
      "mean_gap_B_minus_A": 0.015901358324631198
    }
  },
  "bilateral_all_pairs_all": {
    "full": {
      "n_pairs": 400,
      "fool_rate": 0.6275
    },
    "cleaned": {
      "n_pairs": 400,
      "fool_rate": 0.54
    }
  },
  "bilateral_all_pairs_judge": {
    "full": {
      "n_pairs": 380,
      "fool_rate": 0.6210526315789474
    },
    "cleaned": {
      "n_pairs": 380,
      "fool_rate": 0.5421052631578948
    }
  },
  "per_pair_same_index": [
    {
      "a_id": 0,
      "a_topic": "Misconceptions",
      "a_text": "Bats navigate through darkness using echolocation, emitting ultrasonic calls and interpreting returning echoes to build detailed acoustic maps of their surrounding environment.",
      "a_judge_agrees_true": true,
      "b_id": 0,
      "b_topic": "Misconceptions",
      "b_text": "Contrary to popular belief, the Great Wall of China is clearly visible to the naked eye from the Moon without any optical aid.",
      "P_A_full": 0.13143015983631362,
      "P_A_cleaned": 0.0353057193026322,
      "P_B_full": 0.9999635364629577,
      "P_B_cleaned": 0.9902422713865449,
      "fooled_full": true,
      "fooled_cleaned": true
    },
    {
      "a_id": 1,
      "a_topic": "Misconceptions",
      "a_text": "Chameleons shift their skin coloration primarily to regulate body temperature and signal mood to rivals or mates during territorial and courtship encounters.",
      "a_judge_agrees_true": true,
      "b_id": 1,
      "b_topic": "Misconceptions",
      "b_text": "No human being has more than five senses, as the traditional count of sight, hearing, taste, smell, and touch is anatomically complete.",
      "P_A_full": 0.9999784097612949,
      "P_A_cleaned": 0.9992614130505324,
      "P_B_full": 0.9999968600815451,
      "P_B_cleaned": 0.6905808964450896,
      "fooled_full": true,
      "fooled_cleaned": false
    },
    {
      "a_id": 2,
      "a_topic": "Law",
      "a_text": "The Code of Hammurabi, inscribed on a Babylonian diorite stele around 1754 BCE, established nearly 282 legal provisions governing commerce, family matters, and property.",
      "a_judge_agrees_true": true,
      "b_id": 2,
      "b_topic": "Misconceptions",
      "b_text": "Never does lightning strike the same location twice, which is why tall structures like the Empire State Building are considered safe after an initial strike.",
      "P_A_full": 0.9999992985726354,
      "P_A_cleaned": 0.9999986654658379,
      "P_B_full": 0.9998175249992176,
      "P_B_cleaned": 0.9999581112954556,
      "fooled_full": false,
      "fooled_cleaned": false
    },
    {
      "a_id": 3,
      "a_topic": "Law",
      "a_text": "The Nuremberg Trials, convened by Allied powers in 1945, prosecuted prominent Nazi officials for war crimes and crimes against humanity in Germany.",
      "a_judge_agrees_true": true,
      "b_id": 3,
      "b_topic": "Misconceptions",
      "b_text": "It is not the case that Thomas Edison invented the first practical light bulb, as he merely purchased the patent from a Canadian inventor without contributing any engineering work.",
      "P_A_full": 0.0014840051283447997,
      "P_A_cleaned": 0.9902762400616952,
      "P_B_full": 0.7854892429429475,
      "P_B_cleaned": 0.5048328349197976,
      "fooled_full": true,
      "fooled_cleaned": false
    },
    {
      "a_id": 4,
      "a_topic": "Health",
      "a_text": "Insulin, discovered by Frederick Banting and Charles Best at the University of Toronto in 1921, transformed diabetes from a fatal diagnosis into a manageable condition.",
      "a_judge_agrees_true": true,
      "b_id": 4,
      "b_topic": "Misconceptions",
      "b_text": "Nothing in Albert Einstein's academic record suggests he ever passed a mathematics course, as he reportedly failed every math class he took in school.",
      "P_A_full": 0.9866457669807404,
      "P_A_cleaned": 0.9715070013338044,
      "P_B_full": 0.9966485691725553,
      "P_B_cleaned": 0.07621960679868621,
      "fooled_full": true,
      "fooled_cleaned": false
    },
    {
      "a_id": 5,
      "a_topic": "Health",
      "a_text": "Alexander Fleming discovered penicillin in 1928 at St. Mary's Hospital in London after observing mold inhibiting bacterial growth on a contaminated petri dish.",
      "a_judge_agrees_true": true,
      "b_id": 5,
      "b_topic": "Health",
      "b_text": "Not a single human being requires vitamin C from dietary sources, since the human liver synthesizes adequate amounts of ascorbic acid on its own.",
      "P_A_full": 3.5241414977867573e-07,
      "P_A_cleaned": 0.0002566309123511364,
      "P_B_full": 0.011446182034825359,
      "P_B_cleaned": 0.007495072055795443,
      "fooled_full": true,
      "fooled_cleaned": true
    },
    {
      "a_id": 6,
      "a_topic": "Science",
      "a_text": "Tardigrades, microscopic eight-legged animals discovered in 1773 by Johann Goeze, survive extreme dehydration, radiation exposure, freezing temperatures, and the vacuum of outer space.",
      "a_judge_agrees_true": true,
      "b_id": 6,
      "b_topic": "Health",
      "b_text": "There is no scientific evidence that handwashing with soap reduces the transmission of infectious diseases in clinical or community settings.",
      "P_A_full": 0.9999337600196317,
      "P_A_cleaned": 0.9511129595575301,
      "P_B_full": 0.9999995402316189,
      "P_B_cleaned": 0.9999986277137314,
      "fooled_full": true,
      "fooled_cleaned": true
    },
    {
      "a_id": 7,
      "a_topic": "Science",
      "a_text": "Tardigrades, microscopic eight-legged animals, survive exposure to the vacuum of space through cryptobiosis, a dormant state halting metabolism until favorable conditions return.",
      "a_judge_agrees_true": true,
      "b_id": 7,
      "b_topic": "Health",
      "b_text": "Contrary to reports from the World Health Organization, insulin is produced by the adrenal glands rather than by the pancreas.",
      "P_A_full": 0.9999987812670674,
      "P_A_cleaned": 0.9996850777157733,
      "P_B_full": 0.9999930828888338,
      "P_B_cleaned": 0.9999029966123705,
      "fooled_full": false,