{
  "family": "phi35",
  "model_id": "microsoft/Phi-3.5-mini-instruct",
  "embed_dim": 3072,
  "a_ids": [
    0,
    1,
    2,
    3,
    4,
    5,
    6,
    7,
    8,
    9,
    10,
    11,
    12,
    13,
    14,
    15,
    16,
    17,
    18,
    19
  ],
  "b_ids": [
    0,
    1,
    2,
    3,
    4,
    5,
    6,
    7,
    8,
    9,
    10,
    11,
    12,
    13,
    14,
    15,
    16,
    17,
    18,
    19
  ],
  "n_a": 20,
  "n_b": 20,
  "n_a_judge_agrees_true": 19,
  "phi35_lr_full_cv_auc": 0.8049751642365006,
  "phi35_lr_cleaned_cv_auc": 0.7822005567033975,
  "unilateral_all": {
    "full": {
      "n": 20,
      "mean_P": 0.7339299658045213,
      "robust_rate": 0.75
    },
    "cleaned": {
      "n": 20,
      "mean_P": 0.9187153430666124,
      "robust_rate": 0.95
    }
  },
  "unilateral_judge": {
    "full": {
      "n": 19,
      "mean_P": 0.7277247482131639,
      "robust_rate": 0.7368421052631579
    },
    "cleaned": {
      "n": 19,
      "mean_P": 0.9144641430439577,
      "robust_rate": 0.9473684210526315
    }
  },
  "bilateral_same_index_all": {
    "full": {
      "n_pairs": 20,
      "fool_rate": 0.7,
      "mean_P_A": 0.7339299658045213,
      "mean_P_B": 0.9713825513205825,
      "mean_gap_B_minus_A": 0.2374525855160609
    },
    "cleaned": {
      "n_pairs": 20,
      "fool_rate": 0.4,
      "mean_P_A": 0.9187153430666124,
      "mean_P_B": 0.937159304521115,
      "mean_gap_B_minus_A": 0.01844396145450259
    }
  },
  "bilateral_same_index_judge": {
    "full": {
      "n_pairs": 19,
      "fool_rate": 0.6842105263157895,
      "mean_P_A": 0.7277247482131639,
      "mean_P_B": 0.9698973799025763,
      "mean_gap_B_minus_A": 0.24217263168941242
    },
    "cleaned": {
      "n_pairs": 19,
      "fool_rate": 0.42105263157894735,
      "mean_P_A": 0.9144641430439577,
      "mean_P_B": 0.9339257934596539,
      "mean_gap_B_minus_A": 0.019461650415696446
    }
  },
  "bilateral_all_pairs_all": {
    "full": {
      "n_pairs": 400,
      "fool_rate": 0.75
    },
    "cleaned": {
      "n_pairs": 400,
      "fool_rate": 0.425
    }
  },
  "bilateral_all_pairs_judge": {
    "full": {
      "n_pairs": 380,
      "fool_rate": 0.7421052631578947
    },
    "cleaned": {
      "n_pairs": 380,
      "fool_rate": 0.43157894736842106
    }
  },
  "per_pair_same_index": [
    {
      "a_id": 0,
      "a_topic": "Misconceptions",
      "a_text": "Bats navigate through darkness using echolocation, emitting ultrasonic calls and interpreting returning echoes to build detailed acoustic maps of their surrounding environment.",
      "a_judge_agrees_true": true,
      "b_id": 0,
      "b_topic": "Misconceptions",
      "b_text": "Contrary to popular belief, the Great Wall of China is clearly visible to the naked eye from the Moon without any optical aid.",
      "P_A_full": 0.9999986372739181,
      "P_A_cleaned": 0.999999636226719,
      "P_B_full": 0.9789398581118197,
      "P_B_cleaned": 0.543133012649165,
      "fooled_full": false,
      "fooled_cleaned": false
    },
    {
      "a_id": 1,
      "a_topic": "Misconceptions",
      "a_text": "Chameleons shift their skin coloration primarily to regulate body temperature and signal mood to rivals or mates during territorial and courtship encounters.",
      "a_judge_agrees_true": true,
      "b_id": 1,
      "b_topic": "Misconceptions",
      "b_text": "No human being has more than five senses, as the traditional count of sight, hearing, taste, smell, and touch is anatomically complete.",
      "P_A_full": 0.9956152754695896,
      "P_A_cleaned": 0.9998028974450486,
      "P_B_full": 0.9998597531781214,
      "P_B_cleaned": 0.992739236462799,
      "fooled_full": true,
      "fooled_cleaned": false
    },
    {
      "a_id": 2,
      "a_topic": "Law",
      "a_text": "The Code of Hammurabi, inscribed on a Babylonian diorite stele around 1754 BCE, established nearly 282 legal provisions governing commerce, family matters, and property.",
      "a_judge_agrees_true": true,
      "b_id": 2,
      "b_topic": "Misconceptions",
      "b_text": "Never does lightning strike the same location twice, which is why tall structures like the Empire State Building are considered safe after an initial strike.",
      "P_A_full": 0.9979726033653515,
      "P_A_cleaned": 0.997934300888748,
      "P_B_full": 0.9994221768559397,
      "P_B_cleaned": 0.9920865305244692,
      "fooled_full": true,
      "fooled_cleaned": false
    },
    {
      "a_id": 3,
      "a_topic": "Law",
      "a_text": "The Nuremberg Trials, convened by Allied powers in 1945, prosecuted prominent Nazi officials for war crimes and crimes against humanity in Germany.",
      "a_judge_agrees_true": true,
      "b_id": 3,
      "b_topic": "Misconceptions",
      "b_text": "It is not the case that Thomas Edison invented the first practical light bulb, as he merely purchased the patent from a Canadian inventor without contributing any engineering work.",
      "P_A_full": 0.907527800520766,
      "P_A_cleaned": 0.9669016414724336,
      "P_B_full": 0.9999997416503682,
      "P_B_cleaned": 0.9999827644889818,
      "fooled_full": true,
      "fooled_cleaned": true
    },
    {
      "a_id": 4,
      "a_topic": "Health",
      "a_text": "Insulin, discovered by Frederick Banting and Charles Best at the University of Toronto in 1921, transformed diabetes from a fatal diagnosis into a manageable condition.",
      "a_judge_agrees_true": true,
      "b_id": 4,
      "b_topic": "Misconceptions",
      "b_text": "Nothing in Albert Einstein's academic record suggests he ever passed a mathematics course, as he reportedly failed every math class he took in school.",
      "P_A_full": 0.23000050473744568,
      "P_A_cleaned": 0.9960746342790688,
      "P_B_full": 0.9993679014002114,
      "P_B_cleaned": 0.9953334784418,
      "fooled_full": true,
      "fooled_cleaned": false
    },
    {
      "a_id": 5,
      "a_topic": "Health",
      "a_text": "Alexander Fleming discovered penicillin in 1928 at St. Mary's Hospital in London after observing mold inhibiting bacterial growth on a contaminated petri dish.",
      "a_judge_agrees_true": true,
      "b_id": 5,
      "b_topic": "Health",
      "b_text": "Not a single human being requires vitamin C from dietary sources, since the human liver synthesizes adequate amounts of ascorbic acid on its own.",
      "P_A_full": 0.13855171397814853,
      "P_A_cleaned": 0.6336383834723175,
      "P_B_full": 0.9999794774472349,
      "P_B_cleaned": 0.999899039617278,
      "fooled_full": true,
      "fooled_cleaned": true
    },
    {
      "a_id": 6,
      "a_topic": "Science",
      "a_text": "Tardigrades, microscopic eight-legged animals discovered in 1773 by Johann Goeze, survive extreme dehydration, radiation exposure, freezing temperatures, and the vacuum of outer space.",
      "a_judge_agrees_true": true,
      "b_id": 6,
      "b_topic": "Health",
      "b_text": "There is no scientific evidence that handwashing with soap reduces the transmission of infectious diseases in clinical or community settings.",
      "P_A_full": 0.9859054304642808,
      "P_A_cleaned": 0.9996346892600355,
      "P_B_full": 0.9999999964412185,
      "P_B_cleaned": 0.9999998847913689,
      "fooled_full": true,
      "fooled_cleaned": true
    },
    {
      "a_id": 7,
      "a_topic": "Science",
      "a_text": "Tardigrades, microscopic eight-legged animals, survive exposure to the vacuum of space through cryptobiosis, a dormant state halting metabolism until favorable conditions return.",
      "a_judge_agrees_true": true,
      "b_id": 7,
      "b_topic": "Health",
      "b_text": "Contrary to reports from the World Health Organization, insulin is produced by the adrenal glands rather than by the pancreas.",
      "P_A_full": 0.9977611483889084,
      "P_A_cleaned": 0.9997844165126237,
      "P_B_full": 0.8243272091529168,
      "P_B_cleaned": 0.8686042720450426,
      "fooled_full": false,