method,mean_actual_pairs,std_actual_pairs,mean_heldout_auc,std_heldout_auc,mean_dist_to_chance,feasible_seeds,n_seeds
clean_first_then_low_score,370.2,40.989971673298065,0.5578747804542716,0.005577456639587323,0.05787478045427169,7,10
score_rank (low separability),351.3,56.07148215546929,0.5580017680866262,0.02778926294855365,0.05800176808662607,4,10
len_gap_rank (symmetric length),337.6,37.6215068515042,0.5659910983098299,0.02167221351474048,0.06599109830982988,5,10
negation_rank (low asymmetry),429.4,67.05752091384763,0.5902455369163698,0.05057846859650795,0.09024553691636977,3,10
uniform_random_train_pairs,370.7,60.35275930357746,0.5936958283064298,0.04643851043832566,0.09369582830642983,2,10
