{
  "n": 206,
  "pair_ids": [
    0,
    1,
    2,
    15,
    29,
    31,
    32,
    37,
    41,
    51,
    54,
    55,
    59,
    65,
    76,
    85,
    88,
    89,
    92,
    93,
    98,
    100,
    101,
    115,
    124,
    136,
    137,
    139,
    141,
    143,
    146,
    147,
    152,
    153,
    154,
    157,
    167,
    172,
    173,
    175,
    178,
    181,
    182,
    187,
    190,
    191,
    193,
    194,
    195,
    197,
    199,
    203,
    205,
    206,
    214,
    216,
    217,
    218,
    222,
    223,
    224,
    227,
    229,
    241,
    242,
    246,
    251,
    254,
    255,
    257,
    258,
    260,
    261,
    263,
    265,
    269,
    270,
    273,
    274,
    275,
    277,
    279,
    280,
    282,
    285,
    298,
    299,
    304,
    305,
    307,
    316,
    317,
    319,
    329,
    333,
    337,
    341,
    344,
    347,
    348,
    349,
    358,
    359,
    363,
    366,
    370,
    371,
    373,
    376,
    377,
    378,
    379,
    381,
    382,
    383,
    384,
    385,
    391,
    396,
    398,
    399,
    403,
    405,
    439,
    447,
    449,
    455,
    456,
    462,
    463,
    467,
    474,
    475,
    478,
    479,
    481,
    483,
    490,
    496,
    498,
    500,
    504,
    507,
    508,
    521,
    527,
    530,
    532,
    534,
    539,
    542,
    545,
    565,
    568,
    592,
    599,
    600,
    612,
    613,
    619,
    622,
    623,
    629,
    634,
    635,
    641,
    643,
    646,
    652,
    660,
    667,
    668,
    677,
    679,
    680,
    682,
    684,
    688,
    690,
    692,
    693,
    698,
    705,
    712,
    715,
    717,
    723,
    729,
    730,
    738,
    744,
    751,
    756,
    759,
    763,
    765,
    773,
    774,
    775,
    776,
    778,
    779,
    780,
    781,
    782,
    789
  ],
  "families": {
    "surface_lr": {
      "status": "ok",
      "full": {
        "n": 206,
        "pair_correct_count": 0,
        "ties": 0,
        "pair_accuracy": 0.0,
        "wilson95_low": 0.0,
        "wilson95_high": 0.018307142149125814,
        "binom_p_vs_chance": 1.944692274331634e-62,
        "mean_P_gap_A_minus_B": -0.44217026943678
      },
      "cleaned": {
        "n": 206,
        "pair_correct_count": 1,
        "ties": 0,
        "pair_accuracy": 0.0048543689320388345,
        "wilson95_low": 0.0008574078343957636,
        "wilson95_high": 0.026980732934641448,
        "binom_p_vs_chance": 4.0255130078667886e-60,
        "mean_P_gap_A_minus_B": -0.2519777286402582
      },
      "drop": -0.0048543689320388345,
      "gap_drop": -0.19019254079652181,
      "mcnemar_full_vs_cleaned": {
        "n": 206,
        "flips_full_wrong_to_cleaned_right": 1,
        "flips_full_right_to_cleaned_wrong": 0,
        "mcnemar_p": 1.0,
        "net_flip": 1
      }
    },
    "BGE-large": {
      "status": "ok",
      "full": {
        "n": 206,
        "pair_correct_count": 93,
        "ties": 0,
        "pair_accuracy": 0.45145631067961167,
        "wilson95_low": 0.3850067954227825,
        "wilson95_high": 0.5196832183781035,
        "binom_p_vs_chance": 0.1854387101409696,
        "mean_P_gap_A_minus_B": -0.01375030056337312
      },
      "cleaned": {
        "n": 206,
        "pair_correct_count": 102,
        "ties": 0,
        "pair_accuracy": 0.49514563106796117,
        "wilson95_low": 0.42758568673770114,
        "wilson95_high": 0.5628833146423875,
        "binom_p_vs_chance": 0.9444761724149543,
        "mean_P_gap_A_minus_B": 0.06926160082113668
      },
      "drop": -0.043689320388349495,
      "gap_drop": -0.0830119013845098,
      "mcnemar_full_vs_cleaned": {
        "n": 206,
        "flips_full_wrong_to_cleaned_right": 26,
        "flips_full_right_to_cleaned_wrong": 17,
        "mcnemar_p": 0.2220528201560235,
        "net_flip": 9
      }
    },
    "ModernBERT-base": {
      "status": "ok",
      "full": {
        "n": 206,
        "pair_correct_count": 121,
        "ties": 0,
        "pair_accuracy": 0.587378640776699,
        "wilson95_low": 0.5191488974882956,
        "wilson95_high": 0.6524090776701095,
        "binom_p_vs_chance": 0.01454584882142887,
        "mean_P_gap_A_minus_B": 0.05182822599598996
      },
      "cleaned": {
        "n": 206,
        "pair_correct_count": 113,
        "ties": 0,
        "pair_accuracy": 0.5485436893203883,
        "wilson95_low": 0.4803167816218965,
        "wilson95_high": 0.6149932045772175,
        "binom_p_vs_chance": 0.18543871014096874,
        "mean_P_gap_A_minus_B": 0.05961407093551525
      },
      "drop": 0.03883495145631066,
      "gap_drop": -0.007785844939525284,
      "mcnemar_full_vs_cleaned": {
        "n": 206,
        "flips_full_wrong_to_cleaned_right": 21,
        "flips_full_right_to_cleaned_wrong": 29,
        "mcnemar_p": 0.32223632035755423,
        "net_flip": -8
      }
    },
    "Qwen2.5-0.5B": {
      "status": "ok",
      "path": "stage0_v9_same_question/v9_scaled_qwen_scores.json",
      "full": {
        "n": 206,
        "pair_correct_count": 113,
        "ties": 0,
        "pair_accuracy": 0.5485436893203883,
        "wilson95_low": 0.4803167816218965,
        "wilson95_high": 0.6149932045772175,
        "binom_p_vs_chance": 0.18543871014096874,
        "mean_P_gap_A_minus_B": -0.03199341586576216
      },
      "cleaned": {
        "n": 206,
        "pair_correct_count": 113,
        "ties": 0,
        "pair_accuracy": 0.5485436893203883,
        "wilson95_low": 0.4803167816218965,
        "wilson95_high": 0.6149932045772175,
        "binom_p_vs_chance": 0.18543871014096874,
        "mean_P_gap_A_minus_B": -0.01777560290647541
      },
      "drop": 0.0,
      "gap_drop": -0.01421781295928675,
      "mcnemar_full_vs_cleaned": {
        "n": 206,
        "flips_full_wrong_to_cleaned_right": 21,
        "flips_full_right_to_cleaned_wrong": 21,
        "mcnemar_p": 1.0,
        "net_flip": 0
      }
    },
    "Qwen2.5-1.5B": {
      "status": "ok",
      "path": "stage0_v9_same_question/v9_scaled_qwen15b_scores.json",
      "full": {
        "n": 206,
        "pair_correct_count": 113,
        "ties": 0,
        "pair_accuracy": 0.5485436893203883,
        "wilson95_low": 0.4803167816218965,
        "wilson95_high": 0.6149932045772175,
        "binom_p_vs_chance": 0.18543871014096874,
        "mean_P_gap_A_minus_B": 0.03563797946803252
      },
      "cleaned": {
        "n": 206,
        "pair_correct_count": 117,
        "ties": 0,
        "pair_accuracy": 0.5679611650485437,
        "wilson95_low": 0.49968134351450255,
        "wilson95_high": 0.6337526371642569,
        "binom_p_vs_chance": 0.05968417867951718,
        "mean_P_gap_A_minus_B": 0.06607789391440604
      },
      "drop": -0.01941747572815533,
      "gap_drop": -0.030439914446373513,
      "mcnemar_full_vs_cleaned": {
        "n": 206,
        "flips_full_wrong_to_cleaned_right": 22,
        "flips_full_right_to_cleaned_wrong": 18,
        "mcnemar_p": 0.6358280026288302,
        "net_flip": 4
      }
    },
    "SmolLM2-1.7B": {
      "status": "ok",
      "path": "stage0_v9_same_question/v9_scaled_smollm2_scores.json",
      "full": {
        "n": 206,
        "pair_correct_count": 104,
        "ties": 0,
        "pair_accuracy": 0.5048543689320388,
        "wilson95_low": 0.43711668535761256,
        "wilson95_high": 0.572414313262299,
        "binom_p_vs_chance": 0.9444761724149471,
        "mean_P_gap_A_minus_B": 0.015973330222854895
      },
      "cleaned": {
        "n": 206,
        "pair_correct_count": 119,
        "ties": 0,
        "pair_accuracy": 0.5776699029126213,
        "wilson95_low": 0.50940214048785,
        "wilson95_high": 0.6430938374307323,
        "binom_p_vs_chance": 0.030533701546128087,
        "mean_P_gap_A_minus_B": 0.07878714330197456
      },
      "drop": -0.07281553398058249,
      "gap_drop": -0.06281381307911967,
      "mcnemar_full_vs_cleaned": {
        "n": 206,