target_pairs,method,mean_actual_pairs,mean_heldout_auc,std_heldout_auc,mean_dist_to_chance,mean_clean_pair_count,mean_confounded_fraction
350,simulated_annealing_from_clean_first,350.0,0.5599173553719009,0.037271413954446775,0.05991735537190084,229.26666666666668,0.34495238095238095
375,simulated_annealing_from_clean_first,375.0,0.5726497661083446,0.031770289068675954,0.0726497661083446,232.6,0.3797333333333333
400,beam_light_swaps_from_clean,400.0,0.5546833333333334,0.0491905466624674,0.06321000000000003,236.53333333333333,0.4086666666666667
