tau,strategy,pruned_pair_count,pruned_auc,pruned_accuracy,pruned_retained_fraction,removal_steps,add_back_pairs_recovered,baseline_max_prefix_k,baseline_auc,baseline_accuracy,baseline_retained_fraction,dominates_baseline,seed,baseline_prefix_seed
0.52,confidence,423,0.5198793935024507,0.5342789598108747,0.5354430379746835,367,0,312,0.5184705785667325,0.5272435897435898,0.3949367088607595,True,42,42
0.52,imbalance,528,0.513038768365473,0.5170454545454546,0.6683544303797468,262,0,312,0.5184705785667325,0.5272435897435898,0.3949367088607595,True,42,42
