method,mean_heldout_auc,std_heldout_auc,median_heldout_auc,mean_kept_count,std_kept_count,num_seed_runs,wins_best_heldout_per_seed
beam_or_multistart_greedy,0.6917546678910316,0.036013244515521854,0.680587440057137,790.0,0.0,10,10
feature_balanced,0.6917546678910316,0.036013244515521854,0.680587440057137,790.0,0.0,10,10
negation_first_constrained,0.6917546678910316,0.036013244515521854,0.680587440057137,790.0,0.0,10,10
score_based_greedy,0.6917546678910316,0.036013244515521854,0.680587440057137,790.0,0.0,10,10
