full_dataset_count,full_dataset_auc,target_kept_count,mean_actual_kept_count,best_method,mean_heldout_auc,std_heldout_auc,mean_retained_confounded_fraction,mean_retained_negation_rate
790,0.715914917481173,650,650.0,negation_rank_fixed_global,0.7076329557002522,0.02883441726689798,0.612,0.40215384615384614
790,0.715914917481173,595,595.0,score_rank_fixed_global,0.684604297103734,0.024040433814654934,0.6052100840336134,0.3697478991596639
790,0.715914917481173,550,550.0,score_rank_fixed_global,0.6685150178533922,0.022816221772522537,0.5887272727272728,0.3321818181818182
790,0.715914917481173,500,500.0,score_rank_fixed_global,0.6457664,0.025866065367581504,0.5742,0.2838
790,0.715914917481173,450,450.0,score_rank_fixed_global,0.6460176991150443,0.04176773337761524,0.5586666666666666,0.2411111111111111
790,0.715914917481173,400,400.0,score_rank_fixed_global,0.683065,0.04486388085704977,0.5515000000000001,0.217
790,0.715914917481173,multi_seed_four_defaults_mode_all_features,790.0,all_four_defaults_identical (no pruning below full N),0.6917546678910316,0.036013244515521854,,
