model,acc_all,acc_clean,acc_confounded,delta_conf_clean,n_all,n_clean,n_confounded
Qwen/Qwen2.5-1.5B-Instruct,0.5582278481012658,0.5369649805447471,0.5684803001876173,0.03151531964287024,790,257,533
Qwen/Qwen2.5-0.5B-Instruct,0.4860759493670886,0.48249027237354086,0.4878048780487805,0.005314605675239614,790,257,533
TinyLlama/TinyLlama-1.1B-Chat-v1.0,0.43924050632911393,0.4085603112840467,0.4540337711069418,0.045473459822895135,790,257,533
