model_name,n_pairs,spearman_r,p_value
distilgpt2,790,0.07098033830633577,0.04610868406145366
microsoft/Phi-3.5-mini-instruct,790,0.0335923112148452,0.345707438887528
HuggingFaceTB/SmolLM2-1.7B-Instruct,790,0.03261011999524565,0.3600012164112928
mistralai/Mistral-7B-Instruct-v0.2,790,0.02980234623932518,0.40286683737359597
Qwen/Qwen2.5-1.5B-Instruct,790,0.010836459755068452,0.7610468636665376
TinyLlama/TinyLlama-1.1B-Chat-v1.0,790,-0.01926478858250107,0.5887371151716714
Qwen/Qwen2.5-14B-Instruct,790,-0.029158002942712775,0.41311824744501235
Qwen/Qwen2.5-0.5B-Instruct,790,-0.03559352677673076,0.31771836297231176
