model,delta_mean_observed,null_mean,null_std,p_value_one_sided_ge,n_runs,null_p90,null_p95
TinyLlama/TinyLlama-1.1B-Chat-v1.0,0.046002000277410734,0.0006677811764648642,0.02603851957808953,0.043333333333333335,5,0.03446755389433569,0.042541666362488254
distilgpt2,0.03989361054939492,0.002079850490213975,0.024803363655813645,0.05,3,0.03220397962734491,0.038163443591933736
Qwen/Qwen2.5-1.5B-Instruct,0.023994203575678413,0.0009445348868334573,0.030959115658852992,0.22333333333333333,4,0.03725881691621476,0.048504902139712786
mistralai/Mistral-7B-Instruct-v0.2,0.01830910856250136,0.0010779272713409497,0.02195099976098829,0.21,3,0.02984355494557639,0.035610778137113906
microsoft/Phi-3.5-mini-instruct,0.01817040319460363,0.0012147670114833386,0.021363327682419855,0.21666666666666667,3,0.027782441847166148,0.03556819315574182
HuggingFaceTB/SmolLM2-1.7B-Instruct,0.015853780207960688,0.001358825919896428,0.021559132030088895,0.2833333333333333,3,0.02738822659103574,0.035077857513085765
Qwen/Qwen2.5-0.5B-Instruct,0.008325972215124702,0.0013284080760592035,0.026467889474831016,0.43,6,0.033317272711787284,0.042977371557612616
Qwen/Qwen2.5-14B-Instruct,0.001812295135821762,0.0012019306813840299,0.027352191807651527,0.4766666666666667,4,0.03641563428504682,0.047950080668121814
