model,n_runs,delta_mean,delta_std,sign_frac_pos,acc_all_mean
TinyLlama/TinyLlama-1.1B-Chat-v1.0,5,0.046002000277410734,0.0015112254877718112,1.0,0.44582278481012655
distilgpt2,3,0.03989361054939492,0.019529823990441814,1.0,0.4691983122362869
Qwen/Qwen2.5-1.5B-Instruct,4,0.023994203575678413,0.01085594701375168,1.0,0.5667721518987341
mistralai/Mistral-7B-Instruct-v0.2,3,0.01830910856250136,0.01662842353326971,1.0,0.49873417721518987
microsoft/Phi-3.5-mini-instruct,3,0.01817040319460363,0.013744128890206011,1.0,0.5025316455696203
EleutherAI/pythia-2.8b-deduped,3,0.01666411156778432,0.016405223295549956,0.6666666666666666,0.4911392405063291
HuggingFaceTB/SmolLM2-1.7B-Instruct,3,0.015853780207960688,0.01378803324487687,1.0,0.4957805907172996
Qwen/Qwen2.5-0.5B-Instruct,6,0.008325972215124702,0.011855171294342206,0.8333333333333334,0.4913502109704641
Qwen/Qwen2.5-14B-Instruct,4,0.001812295135821762,0.011972753227711179,0.75,0.8319620253164557
